player_id,club_name,club_league,club_logo_url,overall,pace,shooting,passing,dribbling,defending,physical,diving,handling,kicking,reflexes,speed,positioning
mexico_raul_rangel,,,,76,0,0,0,0,0,0,75,73,80,78,76,74
mexico_jorge_sanchez,Porto,Primeira Liga,https://cdn.sofifa.net/meta/team/652/30.png,74,84,51,64,76,68,79,0,0,0,0,0,0
mexico_cesar_montes,Almería,La Liga,https://cdn.sofifa.net/meta/team/618/30.png,77,58,45,63,64,78,81,0,0,0,0,0,0
mexico_edson_alvarez,West Ham United,Premier League,https://cdn.sofifa.net/meta/team/1/30.png,81,68,58,66,69,82,86,0,0,0,0,0,0
mexico_johan_vasquez,Genoa,Serie A,https://cdn.sofifa.net/meta/team/102/30.png,73,66,32,54,56,74,78,0,0,0,0,0,0
mexico_erik_lira,,,,71,67,74,72,70,68,75,0,0,0,0,0,0
mexico_luis_romo,,,,75,65,74,73,69,33,75,0,0,0,0,0,0
mexico_alvaro_fidalgo,,,,82,84,82,80,78,85,83,0,0,0,0,0,0
mexico_raul_jimenez,Fulham,Premier League,https://cdn.sofifa.net/meta/team/11/30.png,75,67,75,75,71,47,79,0,0,0,0,0,0
mexico_alexis_vega,Seattle Sounders,Major League Soccer,,75,82,72,67,77,53,76,0,0,0,0,0,0
mexico_santiago_gimenez,Feyenoord,Eredivisie,https://cdn.sofifa.net/meta/team/73/30.png,79,76,79,71,75,49,80,0,0,0,0,0,0
mexico_carlos_acevedo,,,,76,0,0,0,0,0,0,72,79,77,75,73,80
mexico_guillermo_ochoa,Salernitana,Serie A,https://cdn.sofifa.net/meta/team/7743/30.png,78,0,0,0,0,0,0,78,71,70,79,50,79
mexico_armando_gonzalez,Porto,Primeira Liga,,76,66,62,69,67,70,79,0,0,0,0,0,0
mexico_israel_reyes,,,,74,75,73,75,77,37,69,0,0,0,0,0,0
mexico_julian_quinones,,,,78,76,63,76,79,29,74,0,0,0,0,0,0
mexico_orbelin_pineda,AEK Athens,Super League,https://cdn.sofifa.net/meta/team/781/30.png,76,81,74,72,82,64,70,0,0,0,0,0,0
mexico_obed_vargas,Seattle Sounders,Major League Soccer,https://cdn.sofifa.net/meta/team/2649/30.png,64,75,47,60,74,53,54,0,0,0,0,0,0
mexico_gilberto_mora,Portland Timbers,Major League Soccer,,69,73,69,54,70,33,61,0,0,0,0,0,0
mexico_mateo_chavez,,,,79,73,77,72,77,38,70,0,0,0,0,0,0
mexico_cesar_huerta,,,,75,72,57,72,73,38,65,0,0,0,0,0,0
mexico_guillermo_martinez,FC Barcelona,La Liga,,82,71,57,67,62,83,81,0,0,0,0,0,0
mexico_jesus_gallardo,,,,75,74,73,72,70,33,67,0,0,0,0,0,0
mexico_luis_chavez,,,,79,73,77,72,77,38,70,0,0,0,0,0,0
mexico_roberto_alvarado,,,,77,76,69,70,74,34,68,0,0,0,0,0,0
mexico_brian_gutierrez,Chicago Fire,Major League Soccer,https://cdn.sofifa.net/meta/team/75/30.png,67,68,59,62,71,41,55,0,0,0,0,0,0
south_africa_ronwen_williams,,,,76,0,0,0,0,0,0,75,73,80,78,76,74
south_africa_thabang_matuludi,,,,71,73,71,69,67,74,72,0,0,0,0,0,0
south_africa_khulumani_ndamane,,,,76,72,79,77,75,73,80,0,0,0,0,0,0
south_africa_teboho_mokoena,,,,71,70,68,75,73,71,69,0,0,0,0,0,0
south_africa_thalente_mbatha,,,,71,73,71,69,67,74,72,0,0,0,0,0,0
south_africa_aubrey_modiba,,,,71,67,74,72,70,68,75,0,0,0,0,0,0
south_africa_oswin_appollis,,,,76,75,73,80,78,76,74,0,0,0,0,0,0
south_africa_tshepang_moremi,,,,76,78,76,74,72,79,77,0,0,0,0,0,0
south_africa_lyle_foster,Burnley,Premier League,https://cdn.sofifa.net/meta/team/27/30.png,71,81,70,59,68,42,73,0,0,0,0,0,0
south_africa_relebohile_mofokeng,,,,82,81,79,86,84,82,80,0,0,0,0,0,0
south_africa_themba_zwane,,,,71,73,71,69,67,74,72,0,0,0,0,0,0
south_africa_thapelo_maseko,,,,76,72,79,77,75,73,80,0,0,0,0,0,0
south_africa_sphephelo_sithole,Gillingham,League Two,,55,83,53,46,57,39,64,0,0,0,0,0,0
south_africa_mbekezeli_mbokazi,,,,71,73,71,69,67,74,72,0,0,0,0,0,0
south_africa_iqraam_rayners,,,,76,72,79,77,75,73,80,0,0,0,0,0,0
south_africa_sipho_chaine,,,,71,0,0,0,0,0,0,70,68,75,73,71,69
south_africa_evidence_makgopa,,,,76,78,76,74,72,79,77,0,0,0,0,0,0
south_africa_samukele_kabini,,,,71,67,74,72,70,68,75,0,0,0,0,0,0
south_africa_nkosinathi_sibisi,,,,71,70,68,75,73,71,69,0,0,0,0,0,0
south_africa_khuliso_mudau,,,,71,73,71,69,67,74,72,0,0,0,0,0,0
south_africa_ime_okon,,,,71,67,74,72,70,68,75,0,0,0,0,0,0
south_africa_ricardo_goss,,,,71,0,0,0,0,0,0,70,68,75,73,71,69
south_africa_jayden_adams,Montpellier,Ligue 1,,74,81,73,55,71,36,75,0,0,0,0,0,0
south_africa_olwethu_makhanya,Philadelphia Union,Major League Soccer,https://cdn.sofifa.net/meta/team/275/30.png,50,61,25,27,41,54,50,0,0,0,0,0,0
south_africa_kamogelo_sebelebele,,,,76,75,73,80,78,76,74,0,0,0,0,0,0
south_africa_bradley_cross,,,,71,73,71,69,67,74,72,0,0,0,0,0,0
south_korea_kim_seung_gyu,Al Shabab,Pro League,https://cdn.sofifa.net/meta/team/16184/30.png,73,0,0,0,0,0,0,75,65,70,76,36,71
south_korea_lee_han_beom,Midtjylland,Superliga,https://cdn.sofifa.net/meta/team/939/30.png,70,62,27,46,56,70,74,0,0,0,0,0,0
south_korea_lee_gi_hyuk,Gangwon,K League 1,https://cdn.sofifa.net/meta/team/7273/30.png,58,69,43,48,59,55,67,0,0,0,0,0,0
south_korea_kim_min_jae,FC Bayern München,Bundesliga,https://cdn.sofifa.net/meta/team/503/30.png,84,80,37,53,64,85,83,0,0,0,0,0,0
south_korea_kim_tae_hyeon,Daegu,K League 1,,70,85,68,57,73,33,71,0,0,0,0,0,0
south_korea_hwang_in_beom,Ulsan,K League 1,,73,73,64,68,78,62,75,0,0,0,0,0,0
south_korea_son_heung_min,Tottenham Hotspur,Premier League,https://cdn.sofifa.net/meta/team/6/30.png,87,87,87,82,81,46,73,0,0,0,0,0,0
south_korea_paik_seung_ho,Birmingham City,Championship,https://cdn.sofifa.net/meta/team/12/30.png,73,69,69,70,77,61,74,0,0,0,0,0,0
south_korea_cho_gue_sung,Midtjylland,Superliga,https://cdn.sofifa.net/meta/team/939/30.png,71,78,69,51,69,36,80,0,0,0,0,0,0
south_korea_lee_jae_sung,FSV Mainz 05,Bundesliga,https://cdn.sofifa.net/meta/team/794/30.png,76,66,73,73,82,60,66,0,0,0,0,0,0
south_korea_hwang_hee_chan,Wolverhampton Wanderers,Premier League,https://cdn.sofifa.net/meta/team/29/30.png,78,84,77,69,79,40,75,0,0,0,0,0,0
south_korea_song_bum_keun,,,,76,0,0,0,0,0,0,72,79,77,75,73,80
south_korea_lee_tae_seok,Seoul,K League 1,https://cdn.sofifa.net/meta/team/672/30.png,67,72,45,59,75,56,58,0,0,0,0,0,0
south_korea_cho_wi_je,,,,71,73,71,69,67,74,72,0,0,0,0,0,0
south_korea_kim_moon_hwan,Daejeon Citizen,K League 1,https://cdn.sofifa.net/meta/team/5664/30.png,70,86,55,62,77,61,70,0,0,0,0,0,0
south_korea_park_jin_seob,Jeonbuk Motors,K League 1,https://cdn.sofifa.net/meta/team/3339/30.png,72,68,55,57,61,71,82,0,0,0,0,0,0
south_korea_bae_jun_ho,Stoke City,Championship,https://cdn.sofifa.net/meta/team/26/30.png,66,71,55,62,68,39,52,0,0,0,0,0,0
south_korea_oh_hyeon_gyu,Celtic,Premiership,https://cdn.sofifa.net/meta/team/53/30.png,69,76,67,52,68,50,78,0,0,0,0,0,0
south_korea_lee_kang_in,Paris Saint Germain,Ligue 1,https://cdn.sofifa.net/meta/team/591/30.png,79,75,75,80,84,51,69,0,0,0,0,0,0
south_korea_yang_hyun_jun,Celtic,Premiership,https://cdn.sofifa.net/meta/team/53/30.png,69,73,63,65,78,40,66,0,0,0,0,0,0
south_korea_jo_hyeon_woo,Ulsan,K League 1,https://cdn.sofifa.net/meta/team/5839/30.png,74,0,0,0,0,0,0,77,71,62,78,51,70
south_korea_seol_young_woo,Seoul,K League 1,,71,79,68,68,74,59,66,0,0,0,0,0,0
south_korea_jens_castrop,Nürnberg,2. Bundesliga,https://cdn.sofifa.net/meta/team/956/30.png,70,81,54,66,77,60,72,0,0,0,0,0,0
south_korea_kim_jin_gyu,Celtic,Premiership,,69,76,67,52,68,50,78,0,0,0,0,0,0
south_korea_eom_ji_sung,Gwangju,K League 1,https://cdn.sofifa.net/meta/team/4370/30.png,70,83,64,61,77,35,62,0,0,0,0,0,0
south_korea_lee_dong_gyeong,,,,71,73,71,69,67,74,72,0,0,0,0,0,0
czechia_matej_kovar,Bayer 04 Leverkusen,Bundesliga,https://cdn.sofifa.net/meta/team/3321/30.png,76,0,0,0,0,0,0,74,75,78,76,32,78
czechia_david_zima,Slavia Praha,First League,https://cdn.sofifa.net/meta/team/216/30.png,73,73,37,53,62,73,75,0,0,0,0,0,0
czechia_tomas_holes,Slavia Praha,First League,https://cdn.sofifa.net/meta/team/216/30.png,76,74,69,69,74,76,81,0,0,0,0,0,0
czechia_robin_hranac,Viktoria Plzeň,First League,https://cdn.sofifa.net/meta/team/3545/30.png,73,62,38,48,51,73,77,0,0,0,0,0,0
czechia_vladimir_coufal,West Ham United,Premier League,https://cdn.sofifa.net/meta/team/1/30.png,78,66,61,74,72,76,80,0,0,0,0,0,0
czechia_stepan_chaloupek,,,,71,67,74,72,70,68,75,0,0,0,0,0,0
czechia_ladislav_krejci,Sparta Praha,First League,https://cdn.sofifa.net/meta/team/2727/30.png,77,67,66,65,66,76,86,0,0,0,0,0,0
czechia_vladimir_darida,,,,82,84,82,80,78,85,83,0,0,0,0,0,0
czechia_adam_hlozek,Bayer 04 Leverkusen,Bundesliga,https://cdn.sofifa.net/meta/team/3321/30.png,76,75,76,71,75,38,77,0,0,0,0,0,0
czechia_patrik_schick,Bayer 04 Leverkusen,Bundesliga,https://cdn.sofifa.net/meta/team/3321/30.png,82,76,81,72,79,44,77,0,0,0,0,0,0
czechia_jan_kuchta,,,,82,84,82,80,78,85,83,0,0,0,0,0,0
czechia_lukas_cerv,Viktoria Plzeň,First League,https://cdn.sofifa.net/meta/team/3545/30.png,69,66,59,62,63,65,76,0,0,0,0,0,0
czechia_mojmir_chytil,Slavia Praha,First League,https://cdn.sofifa.net/meta/team/216/30.png,74,73,71,53,65,37,81,0,0,0,0,0,0
czechia_david_jurasek,TSG Hoffenheim,Bundesliga,https://cdn.sofifa.net/meta/team/2726/30.png,73,85,64,69,73,66,77,0,0,0,0,0,0
czechia_pavel_sulc,Viktoria Plzeň,First League,https://cdn.sofifa.net/meta/team/3545/30.png,76,71,71,72,76,44,63,0,0,0,0,0,0
czechia_jindrich_stanek,Slavia Praha,First League,https://cdn.sofifa.net/meta/team/216/30.png,76,0,0,0,0,0,0,74,71,78,78,36,76
czechia_lukas_provod,Slavia Praha,First League,https://cdn.sofifa.net/meta/team/216/30.png,73,72,73,74,73,66,79,0,0,0,0,0,0
czechia_michal_sadilek,FC Twente,Eredivisie,https://cdn.sofifa.net/meta/team/593/30.png,76,57,65,74,75,71,78,0,0,0,0,0,0
czechia_tomas_chory,Viktoria Plzeň,First League,https://cdn.sofifa.net/meta/team/3545/30.png,73,50,73,56,52,43,86,0,0,0,0,0,0
czechia_jaroslav_zeleny,Sparta Praha,First League,https://cdn.sofifa.net/meta/team/2727/30.png,73,74,64,67,68,71,77,0,0,0,0,0,0
czechia_david_doudera,Slavia Praha,First League,https://cdn.sofifa.net/meta/team/216/30.png,74,89,67,63,75,64,71,0,0,0,0,0,0
czechia_tomas_soucek,West Ham United,Premier League,https://cdn.sofifa.net/meta/team/1/30.png,79,55,70,70,61,80,83,0,0,0,0,0,0
czechia_lukas_hornicek,Sporting Braga,Primeira Liga,https://cdn.sofifa.net/meta/team/884/30.png,66,0,0,0,0,0,0,70,63,69,67,24,66
czechia_alexandr_sojka,,,,71,67,74,72,70,68,75,0,0,0,0,0,0
czechia_hugo_sochurek,,,,71,70,68,75,73,71,69,0,0,0,0,0,0
czechia_denis_visinsky,,,,76,78,76,74,72,79,77,0,0,0,0,0,0
canada_dayne_st_clair,Minnesota United,Major League Soccer,https://cdn.sofifa.net/meta/team/3639/30.png,71,0,0,0,0,0,0,71,66,56,76,27,70
canada_alistair_johnston,Celtic,Premiership,https://cdn.sofifa.net/meta/team/53/30.png,75,79,56,72,71,70,81,0,0,0,0,0,0
canada_alfie_jones,Hull City,Championship,https://cdn.sofifa.net/meta/team/22/30.png,70,61,41,57,58,70,73,0,0,0,0,0,0
canada_luc_de_fougerolles,Fulham,Premier League,https://cdn.sofifa.net/meta/team/11/30.png,58,64,32,41,53,60,59,0,0,0,0,0,0
canada_joel_waterman,CF Montréal,Major League Soccer,https://cdn.sofifa.net/meta/team/3736/30.png,67,41,32,54,46,65,70,0,0,0,0,0,0
canada_mathieu_choiniere,CF Montréal,Major League Soccer,https://cdn.sofifa.net/meta/team/3736/30.png,70,63,61,67,72,56,57,0,0,0,0,0,0
canada_stephen_eustaquio,Porto,Primeira Liga,https://cdn.sofifa.net/meta/team/652/30.png,77,68,66,75,73,69,76,0,0,0,0,0,0
canada_ismael_kone,Watford,Championship,https://cdn.sofifa.net/meta/team/25/30.png,71,78,62,69,67,59,68,0,0,0,0,0,0
canada_cyle_larin,Mallorca,La Liga,https://cdn.sofifa.net/meta/team/645/30.png,75,71,73,64,63,35,77,0,0,0,0,0,0
canada_jonathan_david,LOSC Lille,Ligue 1,https://cdn.sofifa.net/meta/team/690/30.png,80,82,79,69,76,38,76,0,0,0,0,0,0
canada_liam_millar,Preston North End,Championship,https://cdn.sofifa.net/meta/team/99/30.png,72,86,65,64,78,52,63,0,0,0,0,0,0
canada_tani_oluwaseyi,Minnesota United,Major League Soccer,https://cdn.sofifa.net/meta/team/3639/30.png,57,76,53,40,60,35,61,0,0,0,0,0,0
canada_derek_cornelius,Malmö FF,Allsvenskan,https://cdn.sofifa.net/meta/team/354/30.png,71,68,50,48,56,67,82,0,0,0,0,0,0
canada_jacob_shaffelburg,Nashville SC,Major League Soccer,https://cdn.sofifa.net/meta/team/148048/30.png,66,84,60,60,68,50,65,0,0,0,0,0,0
canada_moise_bombito,Colorado Rapids,Major League Soccer,https://cdn.sofifa.net/meta/team/179/30.png,62,75,43,49,54,60,65,0,0,0,0,0,0
canada_maxime_crepeau,Portland Timbers,Major League Soccer,https://cdn.sofifa.net/meta/team/607/30.png,73,0,0,0,0,0,0,74,71,70,75,49,71
canada_tajon_buchanan,Inter,Serie A,https://cdn.sofifa.net/meta/team/2930/30.png,72,92,62,62,74,65,76,0,0,0,0,0,0
canada_owen_goodman,Colchester United,League Two,https://cdn.sofifa.net/meta/team/74/30.png,62,0,0,0,0,0,0,64,59,64,64,39,59
canada_alphonso_davies,FC Bayern München,Bundesliga,https://cdn.sofifa.net/meta/team/503/30.png,82,96,67,77,85,71,78,0,0,0,0,0,0
canada_ali_ahmed,Vancouver Whitecaps,Major League Soccer,https://cdn.sofifa.net/meta/team/292/30.png,62,75,54,59,66,59,61,0,0,0,0,0,0
canada_jonathan_osorio,Toronto,Major League Soccer,https://cdn.sofifa.net/meta/team/111/30.png,73,58,70,69,76,59,66,0,0,0,0,0,0
canada_richie_laryea,Toronto,Major League Soccer,https://cdn.sofifa.net/meta/team/111/30.png,71,83,59,64,74,63,73,0,0,0,0,0,0
canada_niko_sigur,Hajduk Split,Hrvatska nogometna liga,https://cdn.sofifa.net/meta/team/906/30.png,69,71,58,66,73,59,69,0,0,0,0,0,0
canada_promise_david,LOSC Lille,Ligue 1,,80,82,79,69,76,38,76,0,0,0,0,0,0
canada_nathan_saliba,CF Montréal,Major League Soccer,https://cdn.sofifa.net/meta/team/3736/30.png,62,64,44,55,72,55,58,0,0,0,0,0,0
canada_marcelo_flores,Universitario,Primera Division,,71,77,69,67,75,37,57,0,0,0,0,0,0
switzerland_gregor_kobel,Borussia Dortmund,Bundesliga,https://cdn.sofifa.net/meta/team/68/30.png,87,0,0,0,0,0,0,86,84,73,89,45,86
switzerland_miro_muheim,Hamburger SV,2. Bundesliga,https://cdn.sofifa.net/meta/team/2708/30.png,71,72,62,68,69,66,70,0,0,0,0,0,0
switzerland_silvan_widmer,FSV Mainz 05,Bundesliga,https://cdn.sofifa.net/meta/team/794/30.png,75,77,63,71,72,69,79,0,0,0,0,0,0
switzerland_nico_elvedi,Borussia Mönchengladbach,Bundesliga,https://cdn.sofifa.net/meta/team/683/30.png,76,69,42,60,62,76,77,0,0,0,0,0,0
switzerland_manuel_akanji,Manchester City,Premier League,https://cdn.sofifa.net/meta/team/9/30.png,83,79,48,67,71,83,81,0,0,0,0,0,0
switzerland_denis_zakaria,Monaco,Ligue 1,https://cdn.sofifa.net/meta/team/6789/30.png,79,80,62,71,71,77,83,0,0,0,0,0,0
switzerland_breel_embolo,Monaco,Ligue 1,https://cdn.sofifa.net/meta/team/6789/30.png,77,78,78,70,71,54,80,0,0,0,0,0,0
switzerland_remo_freuler,Bologna,Serie A,https://cdn.sofifa.net/meta/team/8513/30.png,79,64,72,71,72,68,72,0,0,0,0,0,0
switzerland_johan_manzambi,,,,71,67,74,72,70,68,75,0,0,0,0,0,0
switzerland_granit_xhaka,Bayer 04 Leverkusen,Bundesliga,https://cdn.sofifa.net/meta/team/3321/30.png,84,49,72,81,67,74,81,0,0,0,0,0,0
switzerland_dan_ndoye,Bologna,Serie A,https://cdn.sofifa.net/meta/team/8513/30.png,73,85,66,64,75,49,68,0,0,0,0,0,0
switzerland_yvon_mvogo,Lorient,Ligue 1,https://cdn.sofifa.net/meta/team/9257/30.png,78,0,0,0,0,0,0,78,77,78,80,42,76
switzerland_ricardo_rodriguez,Torino,Serie A,https://cdn.sofifa.net/meta/team/613/30.png,77,73,70,77,72,76,76,0,0,0,0,0,0
switzerland_ardon_jashari,Luzern,Super League,https://cdn.sofifa.net/meta/team/3091/30.png,72,68,62,67,73,62,79,0,0,0,0,0,0
switzerland_djibril_sow,Sevilla,La Liga,https://cdn.sofifa.net/meta/team/676/30.png,78,79,70,74,76,72,78,0,0,0,0,0,0
switzerland_christian_fassnacht,Norwich City,Championship,https://cdn.sofifa.net/meta/team/33/30.png,74,78,69,65,74,41,69,0,0,0,0,0,0
switzerland_ruben_vargas,FC Augsburg,Bundesliga,https://cdn.sofifa.net/meta/team/90/30.png,74,84,69,67,84,55,66,0,0,0,0,0,0
switzerland_eray_comert,Nantes,Ligue 1,https://cdn.sofifa.net/meta/team/59/30.png,74,73,49,59,62,74,78,0,0,0,0,0,0
switzerland_noah_okafor,Milan,Serie A,https://cdn.sofifa.net/meta/team/113/30.png,77,88,75,69,81,37,74,0,0,0,0,0,0
switzerland_michel_aebischer,Bologna,Serie A,https://cdn.sofifa.net/meta/team/8513/30.png,75,70,67,72,74,69,75,0,0,0,0,0,0
switzerland_marvin_keller,Winterthur,Super League,https://cdn.sofifa.net/meta/team/3525/30.png,67,0,0,0,0,0,0,68,65,64,69,36,66
switzerland_fabian_rieder,Rennes,Ligue 1,https://cdn.sofifa.net/meta/team/598/30.png,74,75,65,71,80,49,63,0,0,0,0,0,0
switzerland_zeki_amdouni,Burnley,Premier League,https://cdn.sofifa.net/meta/team/27/30.png,73,72,73,67,74,49,70,0,0,0,0,0,0
switzerland_aurele_amenda,Young Boys,Super League,https://cdn.sofifa.net/meta/team/647/30.png,69,71,30,47,42,65,79,0,0,0,0,0,0
switzerland_luca_jaquez,Luzern,Super League,https://cdn.sofifa.net/meta/team/3091/30.png,63,58,35,43,55,60,70,0,0,0,0,0,0
switzerland_cedric_itten,Young Boys,Super League,https://cdn.sofifa.net/meta/team/647/30.png,73,69,73,60,65,44,80,0,0,0,0,0,0
qatar_mahmud_abunada,,,,76,0,0,0,0,0,0,75,73,80,78,76,74
qatar_pedro_miguel,,,,68,60,58,63,61,30,61,0,0,0,0,0,0
qatar_lucas_mendes,,,,70,65,58,61,59,37,59,0,0,0,0,0,0
qatar_issa_laye,,,,76,75,73,80,78,76,74,0,0,0,0,0,0
qatar_jassem_gaber,,,,62,58,51,54,53,32,52,0,0,0,0,0,0
qatar_abdulaziz_hatem,,,,70,68,65,66,62,36,67,0,0,0,0,0,0
qatar_ahmed_alaaeldin,,,,65,70,49,63,73,22,58,0,0,0,0,0,0
qatar_edmilson_junior,,,,76,78,76,74,72,79,77,0,0,0,0,0,0
qatar_mohammed_muntari,,,,66,55,51,58,55,26,66,0,0,0,0,0,0
qatar_hassan_al_haydos,,,,70,70,62,67,70,26,52,0,0,0,0,0,0
qatar_akram_afif,,,,77,76,65,72,72,30,58,0,0,0,0,0,0
qatar_karim_boudiaf,,,,71,66,66,66,57,34,67,0,0,0,0,0,0
qatar_ayoub_al_oui,,,,71,70,68,75,73,71,69,0,0,0,0,0,0
qatar_homam_ahmed,,,,68,60,61,60,60,36,59,0,0,0,0,0,0
qatar_yusuf_abdurisag,,,,64,72,48,58,65,26,52,0,0,0,0,0,0
qatar_boualem_khoukhi,,,,70,56,69,62,66,34,66,0,0,0,0,0,0
qatar_ahmed_al_ganehi,,,,71,73,71,69,67,74,72,0,0,0,0,0,0
qatar_sultan_al_brake,,,,67,64,59,61,64,29,51,0,0,0,0,0,0
qatar_almoez_ali,,,,71,63,55,64,64,29,67,0,0,0,0,0,0
qatar_ahmed_fathy,,,,67,67,61,61,65,30,57,0,0,0,0,0,0
qatar_salah_zakaria,,,,71,0,0,0,0,0,0,67,74,72,70,68,75
qatar_meshaal_barsham,,,,71,0,0,0,0,0,0,70,68,75,73,71,69
qatar_assim_madibo,,,,65,65,57,61,68,31,59,0,0,0,0,0,0
qatar_tahsin_jamshid,,,,76,72,79,77,75,73,80,0,0,0,0,0,0
qatar_al_hashmi_al_hussain,Al Ain,Pro League,https://cdn.sofifa.net/meta/team/7780/30.png,65,67,30,40,48,66,71,0,0,0,0,0,0
qatar_mohamed_manai,,,,76,78,76,74,72,79,77,0,0,0,0,0,0
bosnia_herzegovina_nikola_vasilj,St. Pauli,2. Bundesliga,https://cdn.sofifa.net/meta/team/353/30.png,70,0,0,0,0,0,0,68,66,64,71,33,71
bosnia_herzegovina_nihad_mujakic,Ankaragücü,Süper Lig,https://cdn.sofifa.net/meta/team/3470/30.png,67,70,28,39,50,66,77,0,0,0,0,0,0
bosnia_herzegovina_dennis_hadzikadunic,Hamburger SV,2. Bundesliga,https://cdn.sofifa.net/meta/team/2708/30.png,70,62,29,45,56,69,74,0,0,0,0,0,0
bosnia_herzegovina_tarik_muharemovic,,,,76,75,73,80,78,76,74,0,0,0,0,0,0
bosnia_herzegovina_sead_kolasinac,Atalanta,Serie A,https://cdn.sofifa.net/meta/team/708/30.png,79,69,63,67,63,77,83,0,0,0,0,0,0
bosnia_herzegovina_benjamin_tahirovic,Ajax,Eredivisie,https://cdn.sofifa.net/meta/team/629/30.png,70,55,43,61,63,64,69,0,0,0,0,0,0
bosnia_herzegovina_amar_dedic,Salzburg,Bundesliga,https://cdn.sofifa.net/meta/team/49/30.png,73,83,61,68,73,65,75,0,0,0,0,0,0
bosnia_herzegovina_armin_gigovic,Midtjylland,Superliga,https://cdn.sofifa.net/meta/team/939/30.png,67,70,56,63,69,53,68,0,0,0,0,0,0
bosnia_herzegovina_samed_bazdar,,,,82,78,85,83,81,79,86,0,0,0,0,0,0
bosnia_herzegovina_ermedin_demirovic,FC Augsburg,Bundesliga,https://cdn.sofifa.net/meta/team/90/30.png,78,72,78,72,75,47,76,0,0,0,0,0,0
bosnia_herzegovina_edin_dzeko,Fenerbahçe,Süper Lig,https://cdn.sofifa.net/meta/team/88/30.png,83,57,84,72,69,46,74,0,0,0,0,0,0
bosnia_herzegovina_mladen_jurkas,,,,76,0,0,0,0,0,0,72,79,77,75,73,80
bosnia_herzegovina_ivan_basic,Salernitana,Serie A,,74,54,68,75,68,72,76,0,0,0,0,0,0
bosnia_herzegovina_ivan_sunjic,Birmingham City,Championship,https://cdn.sofifa.net/meta/team/12/30.png,69,64,56,52,63,69,77,0,0,0,0,0,0
bosnia_herzegovina_amar_memic,,,,71,67,74,72,70,68,75,0,0,0,0,0,0
bosnia_herzegovina_amir_hadziahmetovic,,,,71,70,68,75,73,71,69,0,0,0,0,0,0
bosnia_herzegovina_dzenis_burnic,Karlsruher SC,2. Bundesliga,https://cdn.sofifa.net/meta/team/3114/30.png,69,73,49,62,73,62,67,0,0,0,0,0,0
bosnia_herzegovina_nikola_katic,Zürich,Super League,https://cdn.sofifa.net/meta/team/389/30.png,69,54,36,41,46,68,77,0,0,0,0,0,0
bosnia_herzegovina_kerim_alajbegovic,,,,76,75,73,80,78,76,74,0,0,0,0,0,0
bosnia_herzegovina_esmir_bajraktarevic,New England,Major League Soccer,https://cdn.sofifa.net/meta/team/641/30.png,63,73,52,54,72,36,51,0,0,0,0,0,0
bosnia_herzegovina_stjepan_radeljic,,,,71,67,74,72,70,68,75,0,0,0,0,0,0
bosnia_herzegovina_martin_zlomislic,,,,71,0,0,0,0,0,0,70,68,75,73,71,69
bosnia_herzegovina_haris_tabakovic,Hertha BSC,2. Bundesliga,https://cdn.sofifa.net/meta/team/3317/30.png,72,52,71,48,61,36,73,0,0,0,0,0,0
bosnia_herzegovina_nidal_celik,Roma,Serie A,,76,75,61,70,69,72,79,0,0,0,0,0,0
bosnia_herzegovina_jovo_lukic,Fulham,Premier League,,76,59,69,75,73,68,72,0,0,0,0,0,0
bosnia_herzegovina_ermin_mahmic,,,,71,73,71,69,67,74,72,0,0,0,0,0,0
brazil_alisson,Liverpool,Premier League,https://cdn.sofifa.net/meta/team/8/30.png,89,0,0,0,0,0,0,86,85,85,89,55,90
brazil_wesley,Stoke City,Championship,https://cdn.sofifa.net/meta/team/26/30.png,68,63,67,64,57,40,82,0,0,0,0,0,0
brazil_gabriel_magalhaes,Arsenal,Premier League,https://cdn.sofifa.net/meta/team/19/30.png,85,69,40,60,53,85,83,0,0,0,0,0,0
brazil_marquinhos,Paris Saint Germain,Ligue 1,https://cdn.sofifa.net/meta/team/591/30.png,87,79,55,74,71,89,83,0,0,0,0,0,0
brazil_casemiro,Manchester United,Premier League,https://cdn.sofifa.net/meta/team/14/30.png,85,58,75,77,67,84,85,0,0,0,0,0,0
brazil_alex_sandro,Juventus,Serie A,https://cdn.sofifa.net/meta/team/625/30.png,77,73,68,74,76,76,79,0,0,0,0,0,0
brazil_vinicius_junior,Real Madrid,La Liga,https://cdn.sofifa.net/meta/team/3468/30.png,89,95,81,80,90,31,70,0,0,0,0,0,0
brazil_bruno_guimaraes,Newcastle United,Premier League,https://cdn.sofifa.net/meta/team/20/30.png,84,71,74,81,83,78,82,0,0,0,0,0,0
brazil_matheus_cunha,Wolverhampton Wanderers,Premier League,https://cdn.sofifa.net/meta/team/29/30.png,79,84,78,76,81,47,76,0,0,0,0,0,0
brazil_neymar,Al Hilal,Pro League,https://cdn.sofifa.net/meta/team/7011/30.png,88,84,82,85,91,40,65,0,0,0,0,0,0
brazil_raphinha,FC Barcelona,La Liga,https://cdn.sofifa.net/meta/team/83/30.png,84,91,79,79,85,53,78,0,0,0,0,0,0
brazil_weverton,,,,76,0,0,0,0,0,0,72,79,77,75,73,80
brazil_danilo_luiz,Juventus,Serie A,https://cdn.sofifa.net/meta/team/625/30.png,81,77,70,73,70,82,80,0,0,0,0,0,0
brazil_bremer,Juventus,Serie A,https://cdn.sofifa.net/meta/team/625/30.png,85,82,50,54,65,86,85,0,0,0,0,0,0
brazil_leo_pereira,Leicester City,Championship,,79,74,67,78,77,78,73,0,0,0,0,0,0
brazil_douglas_santos,Sporting CP,Primeira Liga,,80,83,82,77,79,65,77,0,0,0,0,0,0
brazil_fabinho,Al Ittihad,Pro League,https://cdn.sofifa.net/meta/team/476/30.png,83,59,66,78,71,81,81,0,0,0,0,0,0
brazil_danilo_santos,Nottingham Forest,Premier League,https://cdn.sofifa.net/meta/team/63/30.png,76,70,60,66,73,69,72,0,0,0,0,0,0
brazil_endrick,,,,76,75,73,80,78,76,74,0,0,0,0,0,0
brazil_lucas_paqueta,West Ham United,Premier League,https://cdn.sofifa.net/meta/team/1/30.png,82,72,77,79,81,68,79,0,0,0,0,0,0
brazil_luiz_henrique,Monaco,Ligue 1,,78,79,61,78,76,71,69,0,0,0,0,0,0
brazil_gabriel_martinelli,Arsenal,Premier League,https://cdn.sofifa.net/meta/team/19/30.png,84,90,79,75,85,51,77,0,0,0,0,0,0
brazil_ederson,Manchester City,Premier League,https://cdn.sofifa.net/meta/team/9/30.png,88,0,0,0,0,0,0,87,82,91,87,64,86
brazil_roger_ibanez,Al Ahli Jeddah,Pro League,https://cdn.sofifa.net/meta/team/9908/30.png,80,85,32,41,63,81,84,0,0,0,0,0,0
brazil_igor_thiago,Club Brugge,Pro League,https://cdn.sofifa.net/meta/team/340/30.png,75,73,73,52,63,44,84,0,0,0,0,0,0
brazil_rayan,Wolverhampton Wanderers,Premier League,https://cdn.sofifa.net/meta/team/29/30.png,78,85,55,71,81,71,72,0,0,0,0,0,0
morocco_yassine_bounou,Al Hilal,Pro League,https://cdn.sofifa.net/meta/team/7011/30.png,85,0,0,0,0,0,0,82,83,79,87,38,84
morocco_achraf_hakimi,Paris Saint Germain,Ligue 1,https://cdn.sofifa.net/meta/team/591/30.png,84,91,77,79,80,74,81,0,0,0,0,0,0
morocco_noussair_mazraoui,FC Bayern München,Bundesliga,https://cdn.sofifa.net/meta/team/503/30.png,81,79,67,77,81,75,76,0,0,0,0,0,0
morocco_sofyan_amrabat,Manchester United,Premier League,https://cdn.sofifa.net/meta/team/14/30.png,79,66,71,74,74,72,80,0,0,0,0,0,0
morocco_nayef_aguerd,West Ham United,Premier League,https://cdn.sofifa.net/meta/team/1/30.png,79,73,51,63,60,80,77,0,0,0,0,0,0
morocco_ayyoub_bouaddi,,,,71,67,74,72,70,68,75,0,0,0,0,0,0
morocco_chemsdine_talbi,Club Brugge,Pro League,https://cdn.sofifa.net/meta/team/340/30.png,63,80,51,59,77,30,42,0,0,0,0,0,0
morocco_azzedine_ounahi,Olympique de Marseille,Ligue 1,https://cdn.sofifa.net/meta/team/44/30.png,75,64,64,72,76,61,67,0,0,0,0,0,0
morocco_soufiane_rahimi,Al Ain,Pro League,https://cdn.sofifa.net/meta/team/7780/30.png,77,86,75,70,76,40,68,0,0,0,0,0,0
morocco_brahim_diaz,Real Madrid,La Liga,https://cdn.sofifa.net/meta/team/3468/30.png,82,85,73,78,87,29,57,0,0,0,0,0,0
morocco_ismael_saibari,PSV,Eredivisie,https://cdn.sofifa.net/meta/team/682/30.png,74,80,68,70,76,44,71,0,0,0,0,0,0
morocco_munir_mohamedi,Al Wahda,Pro League,https://cdn.sofifa.net/meta/team/2513/30.png,75,0,0,0,0,0,0,74,73,68,76,48,75
morocco_zakaria_el_ouahdi,Genk,Pro League,https://cdn.sofifa.net/meta/team/2709/30.png,70,74,53,66,78,54,55,0,0,0,0,0,0
morocco_issa_diop,Fulham,Premier League,https://cdn.sofifa.net/meta/team/11/30.png,77,63,40,49,53,77,79,0,0,0,0,0,0
morocco_samir_el_mourabet,,,,71,67,74,72,70,68,75,0,0,0,0,0,0
morocco_gessime_yassine,Dunkerque,Ligue 2,https://cdn.sofifa.net/meta/team/1281/30.png,60,65,55,58,72,38,45,0,0,0,0,0,0
morocco_abde_ezzalzouli,Real Betis,La Liga,https://cdn.sofifa.net/meta/team/485/30.png,74,84,68,67,80,30,53,0,0,0,0,0,0
morocco_chadi_riad,Real Betis,La Liga,https://cdn.sofifa.net/meta/team/485/30.png,69,53,33,49,57,72,64,0,0,0,0,0,0
morocco_youssef_belammari,,,,71,70,68,75,73,71,69,0,0,0,0,0,0
morocco_ayoub_el_kaabi,,,,74,71,61,64,73,32,67,0,0,0,0,0,0
morocco_ayoube_amaimouni,,,,76,72,79,77,75,73,80,0,0,0,0,0,0
morocco_ahmed_reda_tagnaouti,,,,71,0,0,0,0,0,0,70,68,75,73,71,69
morocco_bilal_el_khannouss,Genk,Pro League,https://cdn.sofifa.net/meta/team/2709/30.png,74,72,58,73,84,34,54,0,0,0,0,0,0
morocco_neil_el_aynaoui,Lens,Ligue 1,https://cdn.sofifa.net/meta/team/271/30.png,75,63,61,69,68,63,72,0,0,0,0,0,0
morocco_redouane_halhal,,,,71,70,68,75,73,71,69,0,0,0,0,0,0
morocco_anass_salah_eddine,FC Twente,Eredivisie,https://cdn.sofifa.net/meta/team/593/30.png,67,77,40,64,68,61,66,0,0,0,0,0,0
scotland_angus_gunn,Norwich City,Championship,https://cdn.sofifa.net/meta/team/33/30.png,74,0,0,0,0,0,0,75,71,72,76,49,71
scotland_aaron_hickey,Brentford,Premier League,https://cdn.sofifa.net/meta/team/236/30.png,76,75,58,69,72,72,71,0,0,0,0,0,0
scotland_andy_robertson,Liverpool,Premier League,https://cdn.sofifa.net/meta/team/8/30.png,86,80,62,82,78,79,81,0,0,0,0,0,0
scotland_scott_mctominay,Manchester United,Premier League,https://cdn.sofifa.net/meta/team/14/30.png,78,57,81,68,64,76,84,0,0,0,0,0,0
scotland_grant_hanley,Norwich City,Championship,https://cdn.sofifa.net/meta/team/33/30.png,73,53,31,45,48,74,77,0,0,0,0,0,0
scotland_kieran_tierney,Real Sociedad,La Liga,https://cdn.sofifa.net/meta/team/594/30.png,80,80,62,75,77,74,77,0,0,0,0,0,0
scotland_john_mcginn,Aston Villa,Premier League,https://cdn.sofifa.net/meta/team/15/30.png,81,69,77,78,81,72,84,0,0,0,0,0,0
scotland_tyler_fletcher,Sheffield Wednesday,Championship,,66,71,63,42,65,36,69,0,0,0,0,0,0
scotland_lyndon_dykes,Queens Park Rangers,Championship,https://cdn.sofifa.net/meta/team/47/30.png,69,67,67,50,65,38,83,0,0,0,0,0,0
scotland_che_adams,Southampton,Championship,https://cdn.sofifa.net/meta/team/65/30.png,75,79,76,61,75,44,77,0,0,0,0,0,0
scotland_ryan_christie,AFC Bournemouth,Premier League,https://cdn.sofifa.net/meta/team/52/30.png,74,77,68,74,77,66,77,0,0,0,0,0,0
scotland_liam_kelly,Motherwell,Premiership,https://cdn.sofifa.net/meta/team/309/30.png,64,0,0,0,0,0,0,65,62,63,66,35,64
scotland_jack_hendry,Al Ettifaq,Pro League,https://cdn.sofifa.net/meta/team/10010/30.png,75,78,54,61,66,73,85,0,0,0,0,0,0
scotland_ross_stewart,Southampton,Championship,https://cdn.sofifa.net/meta/team/65/30.png,71,74,69,57,59,38,80,0,0,0,0,0,0
scotland_john_souttar,Rangers,Premiership,https://cdn.sofifa.net/meta/team/62/30.png,74,73,44,63,69,74,76,0,0,0,0,0,0
scotland_dominic_hyam,Blackburn Rovers,Championship,https://cdn.sofifa.net/meta/team/2/30.png,72,54,34,53,57,72,75,0,0,0,0,0,0
scotland_ben_gannon_doak,Liverpool,Premier League,https://cdn.sofifa.net/meta/team/8/30.png,64,83,51,51,76,29,54,0,0,0,0,0,0
scotland_george_hirst,Ipswich Town,Championship,https://cdn.sofifa.net/meta/team/116/30.png,70,75,68,52,65,44,74,0,0,0,0,0,0
scotland_lewis_ferguson,Bologna,Serie A,https://cdn.sofifa.net/meta/team/8513/30.png,78,76,78,73,78,69,84,0,0,0,0,0,0
scotland_lawrence_shankland,Hearts,Premiership,https://cdn.sofifa.net/meta/team/314/30.png,75,65,75,63,75,36,79,0,0,0,0,0,0
scotland_craig_gordon,Hearts,Premiership,https://cdn.sofifa.net/meta/team/314/30.png,73,0,0,0,0,0,0,73,71,63,75,33,71
scotland_nathan_patterson,Everton,Premier League,https://cdn.sofifa.net/meta/team/13/30.png,72,77,48,60,71,69,73,0,0,0,0,0,0
scotland_kenny_mclean,Norwich City,Championship,https://cdn.sofifa.net/meta/team/33/30.png,72,68,66,67,70,65,74,0,0,0,0,0,0
scotland_anthony_ralston,Celtic,Premiership,https://cdn.sofifa.net/meta/team/53/30.png,71,76,60,71,72,66,79,0,0,0,0,0,0
scotland_findlay_curtis,AFC Wimbledon,League Two,,64,74,63,58,66,48,74,0,0,0,0,0,0
scotland_scott_mckenna,København,Superliga,https://cdn.sofifa.net/meta/team/85/30.png,73,51,31,43,50,72,79,0,0,0,0,0,0
haiti_johny_placide,Bastia,Ligue 2,https://cdn.sofifa.net/meta/team/430/30.png,67,0,0,0,0,0,0,63,65,69,66,55,67
haiti_carlens_arcus,Vitesse,Eredivisie,https://cdn.sofifa.net/meta/team/94/30.png,68,74,47,62,67,62,74,0,0,0,0,0,0
haiti_keeto_thermoncy,,,,76,72,79,77,75,73,80,0,0,0,0,0,0
haiti_ricardo_ade,LDU Quito,Liga Pro,https://cdn.sofifa.net/meta/team/10779/30.png,73,72,38,55,64,73,78,0,0,0,0,0,0
haiti_hannes_delcroix,Burnley,Premier League,https://cdn.sofifa.net/meta/team/27/30.png,72,69,33,58,64,71,70,0,0,0,0,0,0
haiti_carl_sainte,Varberg BoIS,Allsvenskan,,57,81,44,50,66,47,61,0,0,0,0,0,0
haiti_derrick_etienne_jr,Toronto,Major League Soccer,https://cdn.sofifa.net/meta/team/111/30.png,67,81,61,62,72,38,65,0,0,0,0,0,0
haiti_martin_experience,,,,71,73,71,69,67,74,72,0,0,0,0,0,0
haiti_duckens_nazon,Kayserispor,Süper Lig,https://cdn.sofifa.net/meta/team/643/30.png,68,76,66,51,69,30,61,0,0,0,0,0,0
haiti_jean_ricner_bellegarde,Wolverhampton Wanderers,Premier League,https://cdn.sofifa.net/meta/team/29/30.png,75,83,65,71,82,68,74,0,0,0,0,0,0
haiti_louicius_deedson,OB,Superliga,https://cdn.sofifa.net/meta/team/1789/30.png,63,84,57,50,69,26,58,0,0,0,0,0,0
haiti_alexandre_pierre,Strasbourg,Ligue 1,https://cdn.sofifa.net/meta/team/686/30.png,60,0,0,0,0,0,0,60,58,62,60,21,58
haiti_duke_lacroix,VfL Wolfsburg,Bundesliga,,76,86,32,52,63,75,77,0,0,0,0,0,0
haiti_leverton_pierre,Shrewsbury Town,League One,,62,55,36,43,52,60,71,0,0,0,0,0,0
haiti_ruben_providence,Hartberg,Bundesliga,https://cdn.sofifa.net/meta/team/5769/30.png,68,84,62,56,78,33,56,0,0,0,0,0,0
haiti_lenny_joseph,Grenoble Foot 38,Ligue 2,https://cdn.sofifa.net/meta/team/1174/30.png,67,81,66,55,70,33,63,0,0,0,0,0,0
haiti_danley_jean_jacques,Metz,Ligue 1,https://cdn.sofifa.net/meta/team/3513/30.png,70,69,55,64,68,67,73,0,0,0,0,0,0
haiti_wilson_isidor,,,,76,72,79,77,75,73,80,0,0,0,0,0,0
haiti_yassin_fortune,Atlanta United,Major League Soccer,,57,62,43,52,58,46,55,0,0,0,0,0,0
haiti_frantzdy_pierrot,Drogheda United,Premier Division,,58,62,57,45,53,31,63,0,0,0,0,0,0
haiti_josue_casimir,Le Havre,Ligue 1,https://cdn.sofifa.net/meta/team/1055/30.png,71,83,65,60,72,44,66,0,0,0,0,0,0
haiti_jean_kevin_duverne,Nantes,Ligue 1,https://cdn.sofifa.net/meta/team/59/30.png,71,62,42,60,67,72,73,0,0,0,0,0,0
haiti_josue_duverger,,,,71,0,0,0,0,0,0,73,71,69,67,74,72
haiti_wilguens_paugain,,,,71,67,74,72,70,68,75,0,0,0,0,0,0
haiti_dominique_simon,Nantes,Ligue 1,,76,89,71,70,85,35,61,0,0,0,0,0,0
haiti_woodensky_pierre,Shrewsbury Town,League One,,62,55,36,43,52,60,71,0,0,0,0,0,0
united_states_matt_turner,Nottingham Forest,Premier League,https://cdn.sofifa.net/meta/team/63/30.png,76,0,0,0,0,0,0,76,74,67,76,40,78
united_states_sergino_dest,PSV,Eredivisie,https://cdn.sofifa.net/meta/team/682/30.png,78,85,61,75,83,69,72,0,0,0,0,0,0
united_states_chris_richards,Crystal Palace,Premier League,https://cdn.sofifa.net/meta/team/51/30.png,76,72,29,57,60,77,75,0,0,0,0,0,0
united_states_tyler_adams,AFC Bournemouth,Premier League,https://cdn.sofifa.net/meta/team/52/30.png,77,79,49,65,76,74,79,0,0,0,0,0,0
united_states_antonee_robinson,Fulham,Premier League,https://cdn.sofifa.net/meta/team/11/30.png,78,88,50,69,76,70,79,0,0,0,0,0,0
united_states_auston_trusty,Sheffield United,Premier League,https://cdn.sofifa.net/meta/team/21/30.png,72,79,47,56,59,70,82,0,0,0,0,0,0
united_states_giovanni_reyna,Nottingham Forest,Premier League,https://cdn.sofifa.net/meta/team/63/30.png,78,77,75,74,82,38,68,0,0,0,0,0,0
united_states_weston_mckennie,Juventus,Serie A,https://cdn.sofifa.net/meta/team/625/30.png,78,76,75,77,75,79,83,0,0,0,0,0,0
united_states_ricardo_pepi,PSV,Eredivisie,https://cdn.sofifa.net/meta/team/682/30.png,73,71,72,56,68,44,70,0,0,0,0,0,0
united_states_christian_pulisic,Milan,Serie A,https://cdn.sofifa.net/meta/team/113/30.png,82,86,78,75,86,42,67,0,0,0,0,0,0
united_states_brenden_aaronson,FC Union Berlin,Bundesliga,https://cdn.sofifa.net/meta/team/1079/30.png,73,78,66,68,80,51,62,0,0,0,0,0,0
united_states_miles_robinson,Cincinnati,Major League Soccer,https://cdn.sofifa.net/meta/team/3636/30.png,72,82,38,50,62,70,79,0,0,0,0,0,0
united_states_tim_ream,Fulham,Premier League,https://cdn.sofifa.net/meta/team/11/30.png,73,52,46,69,67,75,68,0,0,0,0,0,0
united_states_sebastian_berhalter,Vancouver Whitecaps,Major League Soccer,https://cdn.sofifa.net/meta/team/292/30.png,63,68,50,58,68,56,62,0,0,0,0,0,0
united_states_cristian_roldan,Seattle Sounders,Major League Soccer,https://cdn.sofifa.net/meta/team/2649/30.png,73,77,68,69,75,71,81,0,0,0,0,0,0
united_states_alex_freeman,Stevenage,League One,,64,71,57,61,68,51,58,0,0,0,0,0,0
united_states_malik_tillman,PSV,Eredivisie,https://cdn.sofifa.net/meta/team/682/30.png,77,79,68,72,82,63,71,0,0,0,0,0,0
united_states_maximilian_arfsten,Columbus Crew,Major League Soccer,https://cdn.sofifa.net/meta/team/577/30.png,58,70,54,51,60,42,58,0,0,0,0,0,0
united_states_haji_wright,Coventry City,Championship,https://cdn.sofifa.net/meta/team/117/30.png,73,81,70,53,63,37,78,0,0,0,0,0,0
united_states_folarin_balogun,Monaco,Ligue 1,https://cdn.sofifa.net/meta/team/6789/30.png,78,85,78,61,77,31,71,0,0,0,0,0,0
united_states_timothy_weah,Juventus,Serie A,https://cdn.sofifa.net/meta/team/625/30.png,74,85,70,67,77,63,72,0,0,0,0,0,0
united_states_mark_mckenzie,Genk,Pro League,https://cdn.sofifa.net/meta/team/2709/30.png,74,81,36,46,66,73,78,0,0,0,0,0,0
united_states_joe_scally,Borussia Mönchengladbach,Bundesliga,https://cdn.sofifa.net/meta/team/683/30.png,74,81,47,63,73,70,73,0,0,0,0,0,0
united_states_matt_freese,New York City,Major League Soccer,https://cdn.sofifa.net/meta/team/3627/30.png,64,0,0,0,0,0,0,66,64,68,68,29,65
united_states_chris_brady,Chicago Fire,Major League Soccer,https://cdn.sofifa.net/meta/team/75/30.png,67,0,0,0,0,0,0,69,64,62,69,29,66
united_states_alejandro_zendejas,,,,74,71,64,67,74,26,66,0,0,0,0,0,0
paraguay_gatito_fernandez,Levante,La Liga 2,,73,0,0,0,0,0,0,71,70,70,75,57,76
paraguay_gustavo_velazquez,Newell's Old Boys,Liga Profesional de Fútbol,https://cdn.sofifa.net/meta/team/32/30.png,73,75,30,43,59,73,80,0,0,0,0,0,0
paraguay_omar_alderete,Getafe,La Liga,https://cdn.sofifa.net/meta/team/106/30.png,77,63,59,57,67,78,79,0,0,0,0,0,0
paraguay_juan_jose_caceres,Lanús,Liga Profesional de Fútbol,https://cdn.sofifa.net/meta/team/9878/30.png,73,80,50,60,70,69,73,0,0,0,0,0,0
paraguay_fabian_balbuena,,,,76,78,76,74,72,79,77,0,0,0,0,0,0
paraguay_junior_alonso,FC Barcelona,La Liga,https://cdn.sofifa.net/meta/team/83/30.png,78,51,76,80,69,79,75,0,0,0,0,0,0
paraguay_ramon_sosa,Talleres Córdoba,Liga Profesional de Fútbol,https://cdn.sofifa.net/meta/team/9999/30.png,75,82,64,68,75,46,63,0,0,0,0,0,0
paraguay_diego_gomez,Inter Miami,Major League Soccer,https://cdn.sofifa.net/meta/team/239235/30.png,68,75,62,63,68,59,71,0,0,0,0,0,0
paraguay_antonio_sanabria,Torino,Serie A,https://cdn.sofifa.net/meta/team/613/30.png,78,78,75,68,81,39,63,0,0,0,0,0,0
paraguay_miguel_almiron,Newcastle United,Premier League,https://cdn.sofifa.net/meta/team/20/30.png,79,88,76,74,79,53,68,0,0,0,0,0,0
paraguay_mauricio,São Paulo,Série A,https://cdn.sofifa.net/meta/team/3496/30.png,74,77,64,70,70,72,69,0,0,0,0,0,0
paraguay_orlando_gill,East Bengal,Super League,,57,0,0,0,0,0,0,54,58,58,60,29,58
paraguay_jose_canale,Lanús,Liga Profesional de Fútbol,https://cdn.sofifa.net/meta/team/9878/30.png,69,68,29,45,53,70,74,0,0,0,0,0,0
paraguay_andres_cubas,Vancouver Whitecaps,Major League Soccer,https://cdn.sofifa.net/meta/team/292/30.png,74,69,51,65,80,69,62,0,0,0,0,0,0
paraguay_gustavo_gomez,Liverpool,Premier League,,80,81,34,69,69,79,80,0,0,0,0,0,0
paraguay_damian_bobadilla,,,,71,70,68,75,73,71,69,0,0,0,0,0,0
paraguay_kaku,Al Ain,Pro League,https://cdn.sofifa.net/meta/team/7780/30.png,79,81,71,81,82,51,65,0,0,0,0,0,0
paraguay_alex_arce,LDU Quito,Liga Pro,https://cdn.sofifa.net/meta/team/10779/30.png,71,59,73,43,68,32,61,0,0,0,0,0,0
paraguay_julio_enciso,Brighton & Hove Albion,Premier League,https://cdn.sofifa.net/meta/team/78/30.png,71,76,68,62,77,34,50,0,0,0,0,0,0
paraguay_braian_ojeda,Real Salt Lake,Major League Soccer,https://cdn.sofifa.net/meta/team/1062/30.png,70,68,56,61,75,65,71,0,0,0,0,0,0
paraguay_gabriel_avalos,Independiente,Liga Profesional de Fútbol,https://cdn.sofifa.net/meta/team/10840/30.png,74,70,72,60,72,51,81,0,0,0,0,0,0
paraguay_gaston_olveira,Olimpia,Primera División,https://cdn.sofifa.net/meta/team/15606/30.png,73,0,0,0,0,0,0,72,75,57,73,20,70
paraguay_matias_galarza,Genk,Pro League,https://cdn.sofifa.net/meta/team/2709/30.png,71,70,60,69,78,62,70,0,0,0,0,0,0
paraguay_gustavo_caballero,Nacional Asunción,Primera División,https://cdn.sofifa.net/meta/team/3480/30.png,64,74,54,54,69,33,55,0,0,0,0,0,0
paraguay_isidro_pitta,,,,76,75,73,80,78,76,74,0,0,0,0,0,0
paraguay_alexandro_maidana,Henan,Super League,,68,67,39,44,50,68,71,0,0,0,0,0,0
australia_mathew_ryan,AZ Alkmaar,Eredivisie,https://cdn.sofifa.net/meta/team/61/30.png,78,0,0,0,0,0,0,76,78,81,80,52,77
australia_milos_degenek,,,,71,73,71,69,67,74,72,0,0,0,0,0,0
australia_alessandro_circati,Parma,Serie B,https://cdn.sofifa.net/meta/team/398/30.png,68,63,37,48,49,68,71,0,0,0,0,0,0
australia_jacob_italiano,,,,76,75,73,80,78,76,74,0,0,0,0,0,0
australia_jordan_bos,Westerlo,Pro League,https://cdn.sofifa.net/meta/team/357/30.png,68,86,58,61,74,60,78,0,0,0,0,0,0
australia_jason_geria,Melbourne Victory,A-League Men,https://cdn.sofifa.net/meta/team/958/30.png,64,73,40,51,59,59,76,0,0,0,0,0,0
australia_mathew_leckie,Melbourne City,A-League Men,https://cdn.sofifa.net/meta/team/315/30.png,74,81,69,68,77,64,81,0,0,0,0,0,0
australia_connor_metcalfe,St. Pauli,2. Bundesliga,https://cdn.sofifa.net/meta/team/353/30.png,68,65,59,64,71,57,75,0,0,0,0,0,0
australia_mohamed_toure,Paris,Ligue 2,https://cdn.sofifa.net/meta/team/4508/30.png,64,86,59,52,71,35,66,0,0,0,0,0,0
australia_ajdin_hrustic,Heracles Almelo,Eredivisie,https://cdn.sofifa.net/meta/team/1403/30.png,70,68,70,74,73,54,63,0,0,0,0,0,0
australia_awer_mabil,Grasshopper,Super League,https://cdn.sofifa.net/meta/team/2866/30.png,68,86,64,64,72,34,62,0,0,0,0,0,0
australia_paul_izzo,Melbourne Victory,A-League Men,https://cdn.sofifa.net/meta/team/958/30.png,67,0,0,0,0,0,0,68,63,63,69,56,66
australia_aiden_o_neill,Standard Liège,Pro League,https://cdn.sofifa.net/meta/team/700/30.png,70,76,62,64,73,65,77,0,0,0,0,0,0
australia_cammy_devlin,Hearts,Premiership,,72,70,55,61,77,65,74,0,0,0,0,0,0
australia_kai_trewin,Brisbane Roar,A-League Men,https://cdn.sofifa.net/meta/team/1238/30.png,65,67,44,55,63,64,71,0,0,0,0,0,0
australia_aziz_behich,Al Nassr,Pro League,https://cdn.sofifa.net/meta/team/2506/30.png,68,77,60,66,75,61,71,0,0,0,0,0,0
australia_nestory_irankunda,Adelaide United,A-League Men,https://cdn.sofifa.net/meta/team/2967/30.png,66,93,66,58,76,45,73,0,0,0,0,0,0
australia_patrick_beach,Melbourne City,A-League Men,https://cdn.sofifa.net/meta/team/315/30.png,56,0,0,0,0,0,0,57,53,54,59,31,53
australia_harry_souttar,Leicester City,Championship,https://cdn.sofifa.net/meta/team/42/30.png,71,47,27,47,49,71,74,0,0,0,0,0,0
australia_cristian_volpato,Sassuolo,Serie A,https://cdn.sofifa.net/meta/team/2714/30.png,69,67,64,67,65,43,61,0,0,0,0,0,0
australia_cameron_burgess,Ipswich Town,Championship,https://cdn.sofifa.net/meta/team/116/30.png,69,48,37,52,49,69,76,0,0,0,0,0,0
australia_jackson_irvine,St. Pauli,2. Bundesliga,https://cdn.sofifa.net/meta/team/353/30.png,74,71,68,69,65,73,81,0,0,0,0,0,0
australia_nishan_velupillay,Melbourne Victory,A-League Men,https://cdn.sofifa.net/meta/team/958/30.png,63,88,52,53,73,34,52,0,0,0,0,0,0
australia_paul_okon_engstler,,,,71,67,74,72,70,68,75,0,0,0,0,0,0
australia_lucas_herrington,,,,71,70,68,75,73,71,69,0,0,0,0,0,0
australia_tete_yengi,Livingston,Premiership,https://cdn.sofifa.net/meta/team/258/30.png,59,70,56,49,50,40,73,0,0,0,0,0,0
turkiye_mert_gunok,Beşiktaş,Süper Lig,https://cdn.sofifa.net/meta/team/554/30.png,75,0,0,0,0,0,0,73,75,75,74,56,77
turkiye_zeki_celik,Roma,Serie A,https://cdn.sofifa.net/meta/team/37/30.png,76,75,61,70,69,72,79,0,0,0,0,0,0
turkiye_merih_demiral,Al Ahli Jeddah,Pro League,https://cdn.sofifa.net/meta/team/9908/30.png,77,71,40,47,61,79,80,0,0,0,0,0,0
turkiye_caglar_soyuncu,Fenerbahçe,Süper Lig,https://cdn.sofifa.net/meta/team/88/30.png,77,68,48,55,61,75,78,0,0,0,0,0,0
turkiye_salih_ozcan,Borussia Dortmund,Bundesliga,https://cdn.sofifa.net/meta/team/68/30.png,77,75,61,68,78,75,83,0,0,0,0,0,0
turkiye_orkun_kokcu,Benfica,Primeira Liga,https://cdn.sofifa.net/meta/team/605/30.png,82,72,77,83,80,63,78,0,0,0,0,0,0
turkiye_kerem_akturkoglu,Galatasaray,Süper Lig,https://cdn.sofifa.net/meta/team/34/30.png,76,85,71,71,80,40,60,0,0,0,0,0,0
turkiye_arda_guler,Real Madrid,La Liga,https://cdn.sofifa.net/meta/team/3468/30.png,77,72,70,81,83,49,51,0,0,0,0,0,0
turkiye_deniz_gul,Hammarby,Allsvenskan,https://cdn.sofifa.net/meta/team/2353/30.png,60,65,57,40,58,27,60,0,0,0,0,0,0
turkiye_hakan_calhanoglu,Inter,Serie A,https://cdn.sofifa.net/meta/team/2930/30.png,86,69,79,86,84,67,71,0,0,0,0,0,0
turkiye_kenan_yldz,Juventus,Serie A,https://cdn.sofifa.net/meta/team/625/30.png,66,75,57,65,73,31,62,0,0,0,0,0,0
turkiye_altay_bayndr,Manchester United,Premier League,https://cdn.sofifa.net/meta/team/14/30.png,76,0,0,0,0,0,0,78,73,72,79,31,76
turkiye_eren_elmal,Trabzonspor,Süper Lig,https://cdn.sofifa.net/meta/team/688/30.png,71,80,45,63,69,66,75,0,0,0,0,0,0
turkiye_abdulkerim_bardakc,Galatasaray,Süper Lig,https://cdn.sofifa.net/meta/team/34/30.png,80,61,48,70,67,81,84,0,0,0,0,0,0
turkiye_ozan_kabak,TSG Hoffenheim,Bundesliga,https://cdn.sofifa.net/meta/team/2726/30.png,75,62,34,55,66,75,79,0,0,0,0,0,0
turkiye_ismail_yuksek,Fenerbahçe,Süper Lig,https://cdn.sofifa.net/meta/team/88/30.png,74,73,60,68,71,70,78,0,0,0,0,0,0
turkiye_irfan_can_kahveci,Fenerbahçe,Süper Lig,https://cdn.sofifa.net/meta/team/88/30.png,78,74,76,79,81,56,65,0,0,0,0,0,0
turkiye_mert_muldur,Fenerbahçe,Süper Lig,https://cdn.sofifa.net/meta/team/88/30.png,73,74,53,65,75,71,74,0,0,0,0,0,0
turkiye_yunus_akgun,Leicester City,Championship,https://cdn.sofifa.net/meta/team/42/30.png,72,90,65,64,82,33,60,0,0,0,0,0,0
turkiye_ferdi_kadoglu,Fenerbahçe,Süper Lig,https://cdn.sofifa.net/meta/team/88/30.png,78,88,67,72,86,70,72,0,0,0,0,0,0
turkiye_bars_alper_ylmaz,Galatasaray,Süper Lig,https://cdn.sofifa.net/meta/team/34/30.png,74,89,71,65,79,64,85,0,0,0,0,0,0
turkiye_kaan_ayhan,Galatasaray,Süper Lig,https://cdn.sofifa.net/meta/team/34/30.png,74,59,57,72,68,73,75,0,0,0,0,0,0
turkiye_ugurcan_cakr,Trabzonspor,Süper Lig,https://cdn.sofifa.net/meta/team/688/30.png,77,0,0,0,0,0,0,78,76,74,73,55,80
turkiye_oguz_aydn,Alanyaspor,Süper Lig,https://cdn.sofifa.net/meta/team/347/30.png,69,81,65,61,71,42,56,0,0,0,0,0,0
turkiye_samet_akaydin,,,,71,70,68,75,73,71,69,0,0,0,0,0,0
turkiye_can_uzun,Nürnberg,2. Bundesliga,https://cdn.sofifa.net/meta/team/956/30.png,72,72,70,65,77,28,61,0,0,0,0,0,0
germany_manuel_neuer,FC Bayern München,Bundesliga,https://cdn.sofifa.net/meta/team/503/30.png,87,0,0,0,0,0,0,84,85,90,84,49,88
germany_antonio_rudiger,Real Madrid,La Liga,https://cdn.sofifa.net/meta/team/3468/30.png,86,81,56,68,60,84,86,0,0,0,0,0,0
germany_waldemar_anton,VfB Stuttgart,Bundesliga,https://cdn.sofifa.net/meta/team/3319/30.png,79,66,47,55,63,78,82,0,0,0,0,0,0
germany_jonathan_tah,Bayer 04 Leverkusen,Bundesliga,https://cdn.sofifa.net/meta/team/3321/30.png,84,67,37,56,54,84,84,0,0,0,0,0,0
germany_aleksandar_pavlovic,FC Bayern München,Bundesliga,https://cdn.sofifa.net/meta/team/503/30.png,70,62,51,66,66,67,61,0,0,0,0,0,0
germany_joshua_kimmich,FC Bayern München,Bundesliga,https://cdn.sofifa.net/meta/team/503/30.png,87,71,76,88,84,79,81,0,0,0,0,0,0
germany_kai_havertz,Arsenal,Premier League,https://cdn.sofifa.net/meta/team/19/30.png,82,78,80,80,78,54,72,0,0,0,0,0,0
germany_leon_goretzka,FC Bayern München,Bundesliga,https://cdn.sofifa.net/meta/team/503/30.png,85,78,81,80,79,80,87,0,0,0,0,0,0
germany_jamie_leweling,VfB Stuttgart,Bundesliga,https://cdn.sofifa.net/meta/team/3319/30.png,74,83,70,62,78,44,73,0,0,0,0,0,0
germany_jamal_musiala,FC Bayern München,Bundesliga,https://cdn.sofifa.net/meta/team/503/30.png,86,85,76,75,92,61,64,0,0,0,0,0,0
germany_nick_woltemade,Werder Bremen,Bundesliga,https://cdn.sofifa.net/meta/team/82/30.png,69,67,63,59,57,43,68,0,0,0,0,0,0
germany_oliver_baumann,TSG Hoffenheim,Bundesliga,https://cdn.sofifa.net/meta/team/2726/30.png,81,0,0,0,0,0,0,79,80,76,81,39,78
germany_pascal_gro,Brighton & Hove Albion,Premier League,https://cdn.sofifa.net/meta/team/78/30.png,80,53,76,84,74,64,71,0,0,0,0,0,0
germany_maximilian_beier,TSG Hoffenheim,Bundesliga,https://cdn.sofifa.net/meta/team/2726/30.png,76,91,75,63,79,31,62,0,0,0,0,0,0
germany_nico_schlotterbeck,Borussia Dortmund,Bundesliga,https://cdn.sofifa.net/meta/team/68/30.png,84,78,60,66,69,85,84,0,0,0,0,0,0
germany_angelo_stiller,VfB Stuttgart,Bundesliga,https://cdn.sofifa.net/meta/team/3319/30.png,78,60,59,76,77,71,72,0,0,0,0,0,0
germany_florian_wirtz,Bayer 04 Leverkusen,Bundesliga,https://cdn.sofifa.net/meta/team/3321/30.png,87,81,77,86,88,48,65,0,0,0,0,0,0
germany_nathaniel_brown,Nürnberg,2. Bundesliga,https://cdn.sofifa.net/meta/team/956/30.png,67,82,48,58,75,57,50,0,0,0,0,0,0
germany_leroy_sane,FC Bayern München,Bundesliga,https://cdn.sofifa.net/meta/team/503/30.png,86,91,83,80,86,42,69,0,0,0,0,0,0
germany_nadiem_amiri,FSV Mainz 05,Bundesliga,https://cdn.sofifa.net/meta/team/794/30.png,77,69,73,78,81,51,69,0,0,0,0,0,0
germany_alexander_nubel,VfB Stuttgart,Bundesliga,https://cdn.sofifa.net/meta/team/3319/30.png,79,0,0,0,0,0,0,80,76,77,81,48,78
germany_david_raum,RB Leipzig,Bundesliga,https://cdn.sofifa.net/meta/team/277/30.png,80,88,60,80,78,70,78,0,0,0,0,0,0
germany_felix_nmecha,Borussia Dortmund,Bundesliga,https://cdn.sofifa.net/meta/team/68/30.png,78,83,70,71,79,76,82,0,0,0,0,0,0
germany_malick_thiaw,Milan,Serie A,https://cdn.sofifa.net/meta/team/113/30.png,76,74,46,59,64,75,78,0,0,0,0,0,0
germany_lennart_karl,,,,71,70,68,75,73,71,69,0,0,0,0,0,0
germany_deniz_undav,VfB Stuttgart,Bundesliga,https://cdn.sofifa.net/meta/team/3319/30.png,79,67,81,73,78,41,77,0,0,0,0,0,0
ecuador_hernan_galindez,Huracán,Liga Profesional de Fútbol,https://cdn.sofifa.net/meta/team/3139/30.png,74,0,0,0,0,0,0,74,73,70,74,32,76
ecuador_felix_torres,Sevilla,La Liga,,79,68,71,80,81,61,54,0,0,0,0,0,0
ecuador_piero_hincapie,Bayer 04 Leverkusen,Bundesliga,https://cdn.sofifa.net/meta/team/3321/30.png,79,82,42,63,72,80,80,0,0,0,0,0,0
ecuador_joel_ordonez,Club Brugge,Pro League,https://cdn.sofifa.net/meta/team/340/30.png,68,67,29,46,56,67,72,0,0,0,0,0,0
ecuador_jordy_alcivar,Independiente del Valle,Liga Pro,https://cdn.sofifa.net/meta/team/14635/30.png,69,67,63,66,71,60,69,0,0,0,0,0,0
ecuador_willian_pacho,Eintracht Frankfurt,Bundesliga,https://cdn.sofifa.net/meta/team/366/30.png,78,83,32,53,60,77,80,0,0,0,0,0,0
ecuador_pervis_estupinan,Brighton & Hove Albion,Premier League,https://cdn.sofifa.net/meta/team/78/30.png,81,79,54,70,77,77,78,0,0,0,0,0,0
ecuador_anthony_valencia,Antwerp,Pro League,https://cdn.sofifa.net/meta/team/328/30.png,67,84,59,60,80,45,49,0,0,0,0,0,0
ecuador_john_yeboah,Raków Częstochowa,Ekstraklasa,https://cdn.sofifa.net/meta/team/3270/30.png,69,88,61,57,78,32,63,0,0,0,0,0,0
ecuador_kendry_paez,Independiente del Valle,Liga Pro,https://cdn.sofifa.net/meta/team/14635/30.png,71,79,64,69,75,41,54,0,0,0,0,0,0
ecuador_kevin_rodriguez,Union Saint-Gilloise,Pro League,https://cdn.sofifa.net/meta/team/3958/30.png,69,80,67,57,69,29,67,0,0,0,0,0,0
ecuador_moises_ramirez,Independiente del Valle,Liga Pro,https://cdn.sofifa.net/meta/team/14635/30.png,74,0,0,0,0,0,0,74,71,68,75,32,72
ecuador_enner_valencia,Cobresal,Primera Division,,72,65,68,71,76,27,54,0,0,0,0,0,0
ecuador_alan_minda,Cercle Brugge,Pro League,https://cdn.sofifa.net/meta/team/2641/30.png,67,84,60,59,73,47,54,0,0,0,0,0,0
ecuador_pedro_vite,Vancouver Whitecaps,Major League Soccer,https://cdn.sofifa.net/meta/team/292/30.png,67,73,60,62,73,52,53,0,0,0,0,0,0
ecuador_jordy_caicedo,Chelsea,Premier League,,80,74,63,71,76,74,76,0,0,0,0,0,0
ecuador_angelo_preciado,Sparta Praha,First League,https://cdn.sofifa.net/meta/team/2727/30.png,74,83,62,65,73,64,72,0,0,0,0,0,0
ecuador_denil_castillo,Stade Brestois 29,Ligue 1,,78,81,74,78,83,47,68,0,0,0,0,0,0
ecuador_gonzalo_plata,Independiente Medellín,Categoría Primera A,,72,85,66,63,77,45,73,0,0,0,0,0,0
ecuador_nilson_angulo,Anderlecht,Pro League,https://cdn.sofifa.net/meta/team/2555/30.png,67,80,56,58,69,36,52,0,0,0,0,0,0
ecuador_alan_franco,Porto,Primeira Liga,,73,74,67,71,73,42,64,0,0,0,0,0,0
ecuador_gonzalo_valle,LDU Quito,Liga Pro,https://cdn.sofifa.net/meta/team/10779/30.png,66,0,0,0,0,0,0,66,65,60,70,28,60
ecuador_moises_caicedo,Chelsea,Premier League,https://cdn.sofifa.net/meta/team/18/30.png,80,74,63,71,76,74,76,0,0,0,0,0,0
ecuador_jeremy_arevalo,Racing Santander,La Liga 2,https://cdn.sofifa.net/meta/team/9818/30.png,59,74,56,45,61,30,54,0,0,0,0,0,0
ecuador_jackson_porozo,Kasımpaşa,Süper Lig,https://cdn.sofifa.net/meta/team/1071/30.png,70,69,30,37,42,70,73,0,0,0,0,0,0
ecuador_yaimar_medina,Independiente del Valle,Liga Pro,https://cdn.sofifa.net/meta/team/14635/30.png,68,91,54,61,69,53,59,0,0,0,0,0,0
ivory_coast_yahia_fofana,Angers SCO,Ligue 2,https://cdn.sofifa.net/meta/team/776/30.png,71,0,0,0,0,0,0,72,68,68,74,42,69
ivory_coast_ousmane_diomande,Sporting CP,Primeira Liga,https://cdn.sofifa.net/meta/team/58/30.png,78,74,26,48,71,77,83,0,0,0,0,0,0
ivory_coast_ghislain_konan,Al Fayha,Pro League,https://cdn.sofifa.net/meta/team/17724/30.png,77,81,57,71,77,70,74,0,0,0,0,0,0
ivory_coast_jean_michael_seri,Hull City,Championship,https://cdn.sofifa.net/meta/team/22/30.png,73,58,64,77,77,63,65,0,0,0,0,0,0
ivory_coast_wilfried_singo,Monaco,Ligue 1,https://cdn.sofifa.net/meta/team/6789/30.png,78,77,59,70,69,76,84,0,0,0,0,0,0
ivory_coast_seko_fofana,Al Ettifaq,Pro League,https://cdn.sofifa.net/meta/team/10010/30.png,81,71,77,75,73,69,84,0,0,0,0,0,0
ivory_coast_odilon_kossounou,Bayer 04 Leverkusen,Bundesliga,https://cdn.sofifa.net/meta/team/3321/30.png,81,78,35,60,63,82,80,0,0,0,0,0,0
ivory_coast_franck_kessie,Al Ahli Jeddah,Pro League,https://cdn.sofifa.net/meta/team/9908/30.png,82,79,75,72,77,78,87,0,0,0,0,0,0
ivory_coast_ange_yoan_bonny,Parma,Serie B,https://cdn.sofifa.net/meta/team/398/30.png,67,76,64,59,67,37,65,0,0,0,0,0,0
ivory_coast_simon_adingra,Brighton & Hove Albion,Premier League,https://cdn.sofifa.net/meta/team/78/30.png,75,88,70,67,81,30,54,0,0,0,0,0,0
ivory_coast_yan_diomande,Sporting CP,Primeira Liga,,78,74,26,48,71,77,83,0,0,0,0,0,0
ivory_coast_elye_wahi,Lens,Ligue 1,https://cdn.sofifa.net/meta/team/271/30.png,77,85,80,66,80,36,69,0,0,0,0,0,0
ivory_coast_christopher_operi,Le Havre,Ligue 1,https://cdn.sofifa.net/meta/team/1055/30.png,73,77,65,68,69,67,72,0,0,0,0,0,0
ivory_coast_oumar_diakite,Stade de Reims,Ligue 1,https://cdn.sofifa.net/meta/team/1028/30.png,72,79,70,56,69,29,70,0,0,0,0,0,0
ivory_coast_amad_diallo,Manchester United,Premier League,https://cdn.sofifa.net/meta/team/14/30.png,74,85,68,64,84,29,53,0,0,0,0,0,0
ivory_coast_mohamed_kone,Dunkerque,Ligue 2,https://cdn.sofifa.net/meta/team/1281/30.png,63,0,0,0,0,0,0,63,62,58,66,32,58
ivory_coast_guela_doue,Rennes,Ligue 1,https://cdn.sofifa.net/meta/team/598/30.png,70,71,42,58,67,69,71,0,0,0,0,0,0
ivory_coast_ibrahim_sangare,Nottingham Forest,Premier League,https://cdn.sofifa.net/meta/team/63/30.png,80,67,66,72,73,77,82,0,0,0,0,0,0
ivory_coast_nicolas_pepe,Trabzonspor,Süper Lig,https://cdn.sofifa.net/meta/team/688/30.png,78,87,75,74,82,39,63,0,0,0,0,0,0
ivory_coast_emmanuel_agbadou,Stade de Reims,Ligue 1,https://cdn.sofifa.net/meta/team/1028/30.png,76,64,44,53,54,75,82,0,0,0,0,0,0
ivory_coast_evan_ndicka,Roma,Serie A,https://cdn.sofifa.net/meta/team/37/30.png,78,77,56,70,64,78,80,0,0,0,0,0,0
ivory_coast_evann_guessand,Nice,Ligue 1,https://cdn.sofifa.net/meta/team/450/30.png,73,76,71,55,67,36,70,0,0,0,0,0,0
ivory_coast_alban_lafont,Nantes,Ligue 1,https://cdn.sofifa.net/meta/team/59/30.png,77,0,0,0,0,0,0,77,72,69,81,47,76
ivory_coast_bazoumana_toure,Hammarby,Allsvenskan,https://cdn.sofifa.net/meta/team/2353/30.png,58,85,49,47,65,29,50,0,0,0,0,0,0
ivory_coast_parfait_guiagon,Sporting Charleroi,Pro League,https://cdn.sofifa.net/meta/team/1087/30.png,67,73,60,61,76,27,53,0,0,0,0,0,0
ivory_coast_christ_inao_oulai,,,,71,73,71,69,67,74,72,0,0,0,0,0,0
curacao_eloy_room,Vitesse,Eredivisie,https://cdn.sofifa.net/meta/team/94/30.png,70,0,0,0,0,0,0,73,68,66,71,45,66
curacao_shurandy_sambo,PSV,Eredivisie,https://cdn.sofifa.net/meta/team/682/30.png,69,79,45,58,70,63,74,0,0,0,0,0,0
curacao_jurien_gaari,RKC Waalwijk,Eredivisie,https://cdn.sofifa.net/meta/team/814/30.png,66,80,44,47,63,63,75,0,0,0,0,0,0
curacao_roshon_van_eijma,,,,76,75,73,80,78,76,74,0,0,0,0,0,0
curacao_sherel_floranus,Almere City,Eredivisie,https://cdn.sofifa.net/meta/team/1433/30.png,67,87,48,58,71,62,77,0,0,0,0,0,0
curacao_godfried_roemeratoe,RKC Waalwijk,Eredivisie,https://cdn.sofifa.net/meta/team/814/30.png,65,64,47,57,65,63,73,0,0,0,0,0,0
curacao_juninho_bacuna,Birmingham City,Championship,https://cdn.sofifa.net/meta/team/12/30.png,70,74,68,70,73,64,78,0,0,0,0,0,0
curacao_livano_comenencia,,,,82,84,82,80,78,85,83,0,0,0,0,0,0
curacao_jurgen_locadia,Amorebieta,La Liga 2,https://cdn.sofifa.net/meta/team/2055/30.png,72,73,72,64,68,39,73,0,0,0,0,0,0
curacao_leandro_bacuna,Birmingham City,Championship,,70,74,68,70,73,64,78,0,0,0,0,0,0
curacao_jeremy_antonisse,Moreirense,Primeira Liga,https://cdn.sofifa.net/meta/team/1085/30.png,65,81,56,61,70,40,58,0,0,0,0,0,0
curacao_sontje_hansen,NEC,Eredivisie,https://cdn.sofifa.net/meta/team/494/30.png,68,86,62,60,74,34,58,0,0,0,0,0,0
curacao_tyrese_noslin,Hellas Verona,Serie A,,72,83,71,65,74,46,75,0,0,0,0,0,0
curacao_kenji_gorre,,,,76,78,76,74,72,79,77,0,0,0,0,0,0
curacao_ar_jany_martha,Ajax,Eredivisie,https://cdn.sofifa.net/meta/team/629/30.png,64,80,51,61,70,52,50,0,0,0,0,0,0
curacao_jearl_margaritha,,,,76,75,73,80,78,76,74,0,0,0,0,0,0
curacao_brandley_kuwas,,,,76,78,76,74,72,79,77,0,0,0,0,0,0
curacao_armando_obispo,PSV,Eredivisie,https://cdn.sofifa.net/meta/team/682/30.png,73,72,41,55,66,73,77,0,0,0,0,0,0
curacao_gervane_kastaneer,,,,76,75,73,80,78,76,74,0,0,0,0,0,0
curacao_joshua_brenet,,,,71,73,71,69,67,74,72,0,0,0,0,0,0
curacao_tahith_chong,Luton Town,Premier League,https://cdn.sofifa.net/meta/team/115/30.png,72,81,64,68,70,51,65,0,0,0,0,0,0
curacao_kevin_felida,RKC Waalwijk,Eredivisie,https://cdn.sofifa.net/meta/team/814/30.png,63,64,47,53,61,60,65,0,0,0,0,0,0
curacao_riechedly_bazoer,AZ Alkmaar,Eredivisie,https://cdn.sofifa.net/meta/team/61/30.png,75,64,69,75,74,74,75,0,0,0,0,0,0
curacao_deveron_fonville,,,,71,67,74,72,70,68,75,0,0,0,0,0,0
curacao_tyrick_bodak,,,,71,0,0,0,0,0,0,70,68,75,73,71,69
curacao_trevor_doornbusch,,,,71,0,0,0,0,0,0,73,71,69,67,74,72
netherlands_bart_verbruggen,Brighton & Hove Albion,Premier League,https://cdn.sofifa.net/meta/team/78/30.png,75,0,0,0,0,0,0,77,71,73,80,56,68
netherlands_jurrien_timber,Arsenal,Premier League,https://cdn.sofifa.net/meta/team/19/30.png,79,79,50,64,75,77,80,0,0,0,0,0,0
netherlands_marten_de_roon,Atalanta,Serie A,https://cdn.sofifa.net/meta/team/708/30.png,80,69,70,70,70,80,83,0,0,0,0,0,0
netherlands_virgil_van_dijk,Liverpool,Premier League,https://cdn.sofifa.net/meta/team/8/30.png,89,77,58,69,64,89,85,0,0,0,0,0,0
netherlands_nathan_ake,Manchester City,Premier League,https://cdn.sofifa.net/meta/team/9/30.png,82,77,54,70,72,84,79,0,0,0,0,0,0
netherlands_jan_paul_van_hecke,Brighton & Hove Albion,Premier League,https://cdn.sofifa.net/meta/team/78/30.png,75,57,43,55,60,75,76,0,0,0,0,0,0
netherlands_justin_kluivert,AFC Bournemouth,Premier League,https://cdn.sofifa.net/meta/team/52/30.png,77,88,73,72,82,41,66,0,0,0,0,0,0
netherlands_ryan_gravenberch,Liverpool,Premier League,https://cdn.sofifa.net/meta/team/8/30.png,79,74,76,77,81,64,72,0,0,0,0,0,0
netherlands_wout_weghorst,TSG Hoffenheim,Bundesliga,https://cdn.sofifa.net/meta/team/2726/30.png,77,56,77,56,60,63,86,0,0,0,0,0,0
netherlands_memphis_depay,Atlético Madrid,La Liga,https://cdn.sofifa.net/meta/team/7980/30.png,83,81,81,81,82,35,80,0,0,0,0,0,0
netherlands_cody_gakpo,Liverpool,Premier League,https://cdn.sofifa.net/meta/team/8/30.png,82,85,81,78,81,48,75,0,0,0,0,0,0
netherlands_mats_wieffer,Feyenoord,Eredivisie,https://cdn.sofifa.net/meta/team/73/30.png,78,70,67,73,71,74,82,0,0,0,0,0,0
netherlands_robin_roefs,NEC,Eredivisie,https://cdn.sofifa.net/meta/team/494/30.png,64,0,0,0,0,0,0,62,65,62,66,18,61
netherlands_tijjani_reijnders,Milan,Serie A,https://cdn.sofifa.net/meta/team/113/30.png,80,77,75,77,84,68,76,0,0,0,0,0,0
netherlands_micky_van_de_ven,Tottenham Hotspur,Premier League,https://cdn.sofifa.net/meta/team/6/30.png,80,86,46,60,64,80,81,0,0,0,0,0,0
netherlands_guus_til,PSV,Eredivisie,https://cdn.sofifa.net/meta/team/682/30.png,76,78,73,69,70,64,79,0,0,0,0,0,0
netherlands_noa_lang,PSV,Eredivisie,https://cdn.sofifa.net/meta/team/682/30.png,79,85,75,72,86,48,71,0,0,0,0,0,0
netherlands_donyell_malen,Borussia Dortmund,Bundesliga,https://cdn.sofifa.net/meta/team/68/30.png,83,90,81,73,86,41,75,0,0,0,0,0,0
netherlands_brian_brobbey,Ajax,Eredivisie,https://cdn.sofifa.net/meta/team/629/30.png,78,84,74,52,74,36,81,0,0,0,0,0,0
netherlands_teun_koopmeiners,Atalanta,Serie A,https://cdn.sofifa.net/meta/team/708/30.png,82,68,77,81,74,74,77,0,0,0,0,0,0
netherlands_frenkie_de_jong,FC Barcelona,La Liga,https://cdn.sofifa.net/meta/team/83/30.png,87,82,71,86,86,75,80,0,0,0,0,0,0
netherlands_denzel_dumfries,Inter,Serie A,https://cdn.sofifa.net/meta/team/2930/30.png,81,82,61,70,69,79,90,0,0,0,0,0,0
netherlands_mark_flekken,Brentford,Premier League,https://cdn.sofifa.net/meta/team/236/30.png,80,0,0,0,0,0,0,80,74,83,82,32,78
netherlands_crysencio_summerville,Leeds United,Championship,https://cdn.sofifa.net/meta/team/71/30.png,76,92,68,65,82,37,61,0,0,0,0,0,0
netherlands_jorrel_hato,Ajax,Eredivisie,https://cdn.sofifa.net/meta/team/629/30.png,73,85,41,65,73,71,73,0,0,0,0,0,0
netherlands_quinten_timber,Arsenal,Premier League,https://cdn.sofifa.net/meta/team/19/30.png,79,79,50,64,75,77,80,0,0,0,0,0,0
japan_zion_suzuki,Sint-Truiden,Pro League,https://cdn.sofifa.net/meta/team/355/30.png,69,0,0,0,0,0,0,70,66,71,74,57,65
japan_yukinari_sugawara,AZ Alkmaar,Eredivisie,https://cdn.sofifa.net/meta/team/61/30.png,77,80,58,76,75,69,75,0,0,0,0,0,0
japan_shogo_taniguchi,,,,76,72,79,77,75,73,80,0,0,0,0,0,0
japan_ko_itakura,Borussia Mönchengladbach,Bundesliga,https://cdn.sofifa.net/meta/team/683/30.png,76,74,45,55,70,76,78,0,0,0,0,0,0
japan_yuto_nagatomo,,,,76,78,76,74,72,79,77,0,0,0,0,0,0
japan_wataru_endo,Liverpool,Premier League,https://cdn.sofifa.net/meta/team/8/30.png,80,68,64,68,78,79,79,0,0,0,0,0,0
japan_ao_tanaka,Fortuna Düsseldorf,2. Bundesliga,https://cdn.sofifa.net/meta/team/1092/30.png,73,71,66,68,75,67,70,0,0,0,0,0,0
japan_takefusa_kubo,Real Sociedad,La Liga,https://cdn.sofifa.net/meta/team/594/30.png,81,84,75,76,84,45,61,0,0,0,0,0,0
japan_keisuke_goto,,,,82,78,85,83,81,79,86,0,0,0,0,0,0
japan_ritsu_doan,SC Freiburg,Bundesliga,https://cdn.sofifa.net/meta/team/3543/30.png,77,81,65,73,87,41,61,0,0,0,0,0,0
japan_daizen_maeda,Celtic,Premiership,https://cdn.sofifa.net/meta/team/53/30.png,74,93,72,63,80,62,80,0,0,0,0,0,0
japan_keisuke_osako,,,,76,0,0,0,0,0,0,72,79,77,75,73,80
japan_keito_nakamura,Stade de Reims,Ligue 1,https://cdn.sofifa.net/meta/team/1028/30.png,74,77,74,72,76,42,70,0,0,0,0,0,0
japan_junya_ito,Stade de Reims,Ligue 1,https://cdn.sofifa.net/meta/team/1028/30.png,78,88,71,72,80,54,70,0,0,0,0,0,0
japan_daichi_kamada,Lazio,Serie A,https://cdn.sofifa.net/meta/team/43/30.png,81,80,72,80,83,54,66,0,0,0,0,0,0
japan_tsuyoshi_watanabe,Gent,Pro League,https://cdn.sofifa.net/meta/team/2402/30.png,74,77,29,41,53,75,77,0,0,0,0,0,0
japan_yuito_suzuki,Brøndby,Superliga,https://cdn.sofifa.net/meta/team/293/30.png,64,73,64,61,73,47,53,0,0,0,0,0,0
japan_ayase_ueda,Feyenoord,Eredivisie,https://cdn.sofifa.net/meta/team/73/30.png,73,80,74,55,68,35,73,0,0,0,0,0,0
japan_koki_ogawa,NEC,Eredivisie,https://cdn.sofifa.net/meta/team/494/30.png,68,48,69,56,64,38,69,0,0,0,0,0,0
japan_ayumu_seko,Grasshopper,Super League,https://cdn.sofifa.net/meta/team/2866/30.png,66,58,36,47,58,66,70,0,0,0,0,0,0
japan_hiroki_ito,VfB Stuttgart,Bundesliga,https://cdn.sofifa.net/meta/team/3319/30.png,78,81,58,68,70,77,78,0,0,0,0,0,0
japan_takehiro_tomiyasu,Arsenal,Premier League,https://cdn.sofifa.net/meta/team/19/30.png,78,72,37,64,70,80,81,0,0,0,0,0,0
japan_tomoki_hayakawa,,,,71,0,0,0,0,0,0,73,71,69,67,74,72
japan_kaishu_sano,NEC,Eredivisie,,66,79,54,61,74,50,53,0,0,0,0,0,0
japan_junnosuke_suzuki,Atlético Mineiro,Série A,,81,82,74,76,78,52,71,0,0,0,0,0,0
japan_kento_shiogai,,,,76,78,76,74,72,79,77,0,0,0,0,0,0
tunisia_mouhib_chamakh,,,,76,0,0,0,0,0,0,75,73,80,78,76,74
tunisia_ali_abdi,Caen,Ligue 2,https://cdn.sofifa.net/meta/team/1393/30.png,71,88,61,67,71,63,78,0,0,0,0,0,0
tunisia_montassar_talbi,Lorient,Ligue 1,https://cdn.sofifa.net/meta/team/9257/30.png,74,59,31,37,61,75,75,0,0,0,0,0,0
tunisia_omar_rekik,Servette,Super League,https://cdn.sofifa.net/meta/team/1970/30.png,65,69,41,53,60,63,70,0,0,0,0,0,0
tunisia_adem_arous,,,,76,78,76,74,72,79,77,0,0,0,0,0,0
tunisia_dylan_bronn,Servette,Super League,https://cdn.sofifa.net/meta/team/1970/30.png,71,62,61,66,63,71,74,0,0,0,0,0,0
tunisia_elias_achouri,København,Superliga,https://cdn.sofifa.net/meta/team/85/30.png,71,86,64,64,75,34,57,0,0,0,0,0,0
tunisia_elias_saad,St. Pauli,2. Bundesliga,https://cdn.sofifa.net/meta/team/353/30.png,70,73,63,63,78,37,56,0,0,0,0,0,0
tunisia_hazem_mastouri,,,,82,78,85,83,81,79,86,0,0,0,0,0,0
tunisia_hannibal_mejbri,Sevilla,La Liga,https://cdn.sofifa.net/meta/team/676/30.png,69,73,61,71,72,63,76,0,0,0,0,0,0
tunisia_ismael_gharbi,Stade Lausanne-Ouchy,Super League,https://cdn.sofifa.net/meta/team/13763/30.png,68,74,56,64,79,39,49,0,0,0,0,0,0
tunisia_mortadha_ben_ouanes,Kasımpaşa,Süper Lig,https://cdn.sofifa.net/meta/team/1071/30.png,69,73,58,68,67,64,67,0,0,0,0,0,0
tunisia_rani_khedira,FC Union Berlin,Bundesliga,https://cdn.sofifa.net/meta/team/1079/30.png,75,59,43,54,59,77,82,0,0,0,0,0,0
tunisia_khalil_ayari,Blackburn Rovers,Championship,,66,64,52,65,75,50,58,0,0,0,0,0,0
tunisia_hadj_mahmoud,Stade Lausanne-Ouchy,Super League,,65,78,49,56,75,43,58,0,0,0,0,0,0
tunisia_aymen_dahmen,Al Hazem,Pro League,https://cdn.sofifa.net/meta/team/17694/30.png,68,0,0,0,0,0,0,67,70,68,68,27,67
tunisia_ellyes_skhiri,Eintracht Frankfurt,Bundesliga,https://cdn.sofifa.net/meta/team/366/30.png,81,63,72,74,73,77,78,0,0,0,0,0,0
tunisia_rayan_elloumi,,,,76,72,79,77,75,73,80,0,0,0,0,0,0
tunisia_firas_chaouat,,,,76,75,73,80,78,76,74,0,0,0,0,0,0
tunisia_yan_valery,Angers SCO,Ligue 2,https://cdn.sofifa.net/meta/team/776/30.png,71,66,53,62,67,69,71,0,0,0,0,0,0
tunisia_mohamed_amine_ben_hamida,,,,71,67,74,72,70,68,75,0,0,0,0,0,0
tunisia_sabri_ben_hessen,,,,71,0,0,0,0,0,0,70,68,75,73,71,69
tunisia_moutaz_neffati,Norrköping,Allsvenskan,https://cdn.sofifa.net/meta/team/3603/30.png,54,67,48,50,58,49,52,0,0,0,0,0,0
tunisia_raed_chikhaoui,,,,71,67,74,72,70,68,75,0,0,0,0,0,0
tunisia_anis_ben_slimane,Sheffield United,Premier League,https://cdn.sofifa.net/meta/team/21/30.png,67,67,59,61,69,56,74,0,0,0,0,0,0
tunisia_sebastian_tounekti,Haugesund,Eliteserien,https://cdn.sofifa.net/meta/team/270/30.png,60,75,52,53,71,26,50,0,0,0,0,0,0
sweden_jacob_widell_zetterstrom,Djurgården,Allsvenskan,https://cdn.sofifa.net/meta/team/443/30.png,71,0,0,0,0,0,0,78,70,67,75,22,67
sweden_gustaf_lagerbielke,Celtic,Premiership,https://cdn.sofifa.net/meta/team/53/30.png,67,57,32,52,55,69,66,0,0,0,0,0,0
sweden_victor_lindelof,Manchester United,Premier League,https://cdn.sofifa.net/meta/team/14/30.png,79,59,51,73,67,79,74,0,0,0,0,0,0
sweden_isak_hien,Atalanta,Serie A,https://cdn.sofifa.net/meta/team/708/30.png,77,73,38,45,53,75,78,0,0,0,0,0,0
sweden_gabriel_gudmundsson,LOSC Lille,Ligue 1,https://cdn.sofifa.net/meta/team/690/30.png,74,85,65,68,72,65,73,0,0,0,0,0,0
sweden_herman_johansson,Mjällby,Allsvenskan,https://cdn.sofifa.net/meta/team/411/30.png,62,69,54,57,61,55,70,0,0,0,0,0,0
sweden_lucas_bergvall,Djurgården,Allsvenskan,,59,80,42,51,59,52,60,0,0,0,0,0,0
sweden_daniel_svensson,Nordsjælland,Superliga,https://cdn.sofifa.net/meta/team/2394/30.png,67,77,52,66,69,61,67,0,0,0,0,0,0
sweden_alexander_isak,Newcastle United,Premier League,https://cdn.sofifa.net/meta/team/20/30.png,83,84,82,70,82,44,75,0,0,0,0,0,0
sweden_benjamin_nygren,Nordsjælland,Superliga,https://cdn.sofifa.net/meta/team/2394/30.png,66,69,65,64,66,28,63,0,0,0,0,0,0
sweden_anthony_elanga,Nottingham Forest,Premier League,https://cdn.sofifa.net/meta/team/63/30.png,75,88,69,65,79,44,71,0,0,0,0,0,0
sweden_viktor_johansson,Rotherham United,Championship,https://cdn.sofifa.net/meta/team/138/30.png,72,0,0,0,0,0,0,73,71,70,74,32,73
sweden_ken_sema,Watford,Championship,https://cdn.sofifa.net/meta/team/25/30.png,70,77,67,67,72,56,66,0,0,0,0,0,0
sweden_hjalmar_ekdal,Burnley,Premier League,https://cdn.sofifa.net/meta/team/27/30.png,72,64,35,48,62,72,75,0,0,0,0,0,0
sweden_carl_starfelt,Celta de Vigo,La Liga,https://cdn.sofifa.net/meta/team/36/30.png,74,75,32,50,67,73,77,0,0,0,0,0,0
sweden_jesper_karlstrom,Lech Poznań,Ekstraklasa,https://cdn.sofifa.net/meta/team/302/30.png,72,67,56,64,67,68,83,0,0,0,0,0,0
sweden_viktor_gyokeres,Sporting CP,Primeira Liga,https://cdn.sofifa.net/meta/team/58/30.png,82,87,80,66,78,41,90,0,0,0,0,0,0
sweden_yasin_ayari,Blackburn Rovers,Championship,https://cdn.sofifa.net/meta/team/2/30.png,66,64,52,65,75,50,58,0,0,0,0,0,0
sweden_mattias_svanberg,VfL Wolfsburg,Bundesliga,https://cdn.sofifa.net/meta/team/510/30.png,77,76,68,74,75,56,70,0,0,0,0,0,0
sweden_eric_smith,St. Pauli,2. Bundesliga,https://cdn.sofifa.net/meta/team/353/30.png,72,73,59,62,63,66,77,0,0,0,0,0,0
sweden_alexander_bernhardsson,Holstein Kiel,2. Bundesliga,https://cdn.sofifa.net/meta/team/3611/30.png,68,83,60,60,66,47,61,0,0,0,0,0,0
sweden_besfort_zeneli,Elfsborg,Allsvenskan,https://cdn.sofifa.net/meta/team/1226/30.png,55,70,49,46,67,24,43,0,0,0,0,0,0
sweden_kristoffer_nordfeldt,AIK,Allsvenskan,https://cdn.sofifa.net/meta/team/2825/30.png,69,0,0,0,0,0,0,66,68,67,68,50,68
sweden_elliot_stroud,Mjällby,Allsvenskan,https://cdn.sofifa.net/meta/team/411/30.png,58,74,40,53,64,47,58,0,0,0,0,0,0
sweden_gustaf_nilsson,Union Saint-Gilloise,Pro League,https://cdn.sofifa.net/meta/team/3958/30.png,71,70,72,55,54,40,75,0,0,0,0,0,0
sweden_taha_ali,Malmö FF,Allsvenskan,https://cdn.sofifa.net/meta/team/354/30.png,68,88,53,53,81,33,52,0,0,0,0,0,0
belgium_thibaut_courtois,Real Madrid,La Liga,https://cdn.sofifa.net/meta/team/3468/30.png,90,0,0,0,0,0,0,85,89,76,93,47,90
belgium_zeno_debast,Anderlecht,Pro League,https://cdn.sofifa.net/meta/team/2555/30.png,73,66,52,68,64,73,74,0,0,0,0,0,0
belgium_arthur_theate,Rennes,Ligue 1,https://cdn.sofifa.net/meta/team/598/30.png,77,70,40,51,57,77,80,0,0,0,0,0,0
belgium_brandon_mechele,Club Brugge,Pro League,https://cdn.sofifa.net/meta/team/340/30.png,75,55,37,46,54,78,76,0,0,0,0,0,0
belgium_maxim_de_cuyper,Club Brugge,Pro League,https://cdn.sofifa.net/meta/team/340/30.png,74,77,71,75,76,66,72,0,0,0,0,0,0
belgium_axel_witsel,Atlético Madrid,La Liga,https://cdn.sofifa.net/meta/team/7980/30.png,80,35,65,75,71,82,74,0,0,0,0,0,0
belgium_kevin_de_bruyne,Manchester City,Premier League,https://cdn.sofifa.net/meta/team/9/30.png,91,74,88,94,83,61,78,0,0,0,0,0,0
belgium_youri_tielemans,Aston Villa,Premier League,https://cdn.sofifa.net/meta/team/15/30.png,81,51,80,83,75,68,70,0,0,0,0,0,0
belgium_romelu_lukaku,Roma,Serie A,https://cdn.sofifa.net/meta/team/37/30.png,84,79,83,74,68,46,81,0,0,0,0,0,0
belgium_leandro_trossard,Arsenal,Premier League,https://cdn.sofifa.net/meta/team/19/30.png,82,81,81,80,87,36,64,0,0,0,0,0,0
belgium_jeremy_doku,Manchester City,Premier League,https://cdn.sofifa.net/meta/team/9/30.png,79,91,68,69,87,28,66,0,0,0,0,0,0
belgium_senne_lammens,Antwerp,Pro League,https://cdn.sofifa.net/meta/team/328/30.png,67,0,0,0,0,0,0,71,65,61,69,22,63
belgium_mike_penders,Genk,Pro League,https://cdn.sofifa.net/meta/team/2709/30.png,64,0,0,0,0,0,0,67,64,60,68,21,62
belgium_dodi_lukebakio,Sevilla,La Liga,https://cdn.sofifa.net/meta/team/676/30.png,79,84,77,70,79,35,59,0,0,0,0,0,0
belgium_thomas_meunier,Trabzonspor,Süper Lig,https://cdn.sofifa.net/meta/team/688/30.png,76,68,75,75,64,76,82,0,0,0,0,0,0
belgium_koni_de_winter,Genoa,Serie A,https://cdn.sofifa.net/meta/team/102/30.png,70,68,42,55,62,72,70,0,0,0,0,0,0
belgium_charles_de_ketelaere,Atalanta,Serie A,https://cdn.sofifa.net/meta/team/708/30.png,78,72,77,77,77,58,72,0,0,0,0,0,0
belgium_joaquin_seys,,,,71,67,74,72,70,68,75,0,0,0,0,0,0
belgium_diego_moreira,Chelsea,Premier League,https://cdn.sofifa.net/meta/team/18/30.png,68,85,60,61,77,32,62,0,0,0,0,0,0
belgium_hans_vanaken,Club Brugge,Pro League,https://cdn.sofifa.net/meta/team/340/30.png,80,45,79,82,65,62,75,0,0,0,0,0,0
belgium_timothy_castagne,Fulham,Premier League,https://cdn.sofifa.net/meta/team/11/30.png,76,73,58,70,71,72,74,0,0,0,0,0,0
belgium_alexis_saelemaekers,Bologna,Serie A,https://cdn.sofifa.net/meta/team/8513/30.png,78,81,69,75,82,60,68,0,0,0,0,0,0
belgium_nicolas_raskin,Rangers,Premiership,https://cdn.sofifa.net/meta/team/62/30.png,75,71,63,72,77,71,77,0,0,0,0,0,0
belgium_amadou_onana,Everton,Premier League,https://cdn.sofifa.net/meta/team/13/30.png,77,72,61,70,65,75,79,0,0,0,0,0,0
belgium_nathan_ngoy,Standard Liège,Pro League,https://cdn.sofifa.net/meta/team/700/30.png,66,78,44,47,62,65,71,0,0,0,0,0,0
belgium_matias_fernandez_pardo,Gent,Pro League,https://cdn.sofifa.net/meta/team/2402/30.png,62,75,57,57,69,31,51,0,0,0,0,0,0
iran_alireza_beiranvand,,,,76,0,0,0,0,0,0,75,73,80,78,76,74
iran_saleh_hardani,,,,71,73,71,69,67,74,72,0,0,0,0,0,0
iran_ehsan_hajsafi,AEK Athens,Super League,https://cdn.sofifa.net/meta/team/781/30.png,72,71,65,72,73,69,75,0,0,0,0,0,0
iran_shojae_khalilzadeh,,,,76,75,73,80,78,76,74,0,0,0,0,0,0
iran_milad_mohammadi,Adana Demirspor,Süper Lig,https://cdn.sofifa.net/meta/team/1039/30.png,72,83,60,67,72,67,71,0,0,0,0,0,0
iran_saeid_ezatolahi,,,,71,67,74,72,70,68,75,0,0,0,0,0,0
iran_alireza_jahanbakhsh,Feyenoord,Eredivisie,https://cdn.sofifa.net/meta/team/73/30.png,73,72,76,69,75,50,77,0,0,0,0,0,0
iran_mohammad_mohebi,,,,82,84,82,80,78,85,83,0,0,0,0,0,0
iran_mehdi_taremi,Porto,Primeira Liga,https://cdn.sofifa.net/meta/team/652/30.png,81,78,79,75,76,45,72,0,0,0,0,0,0
iran_mehdi_ghayedi,,,,82,81,79,86,84,82,80,0,0,0,0,0,0
iran_ali_alipour,Gil Vicente,Primeira Liga,https://cdn.sofifa.net/meta/team/364/30.png,66,76,66,53,65,31,64,0,0,0,0,0,0
iran_payam_niazmand,,,,76,0,0,0,0,0,0,72,79,77,75,73,80
iran_hossein_kanaanizadegan,,,,71,70,68,75,73,71,69,0,0,0,0,0,0
iran_saman_ghoddos,Brentford,Premier League,https://cdn.sofifa.net/meta/team/236/30.png,67,59,71,67,69,58,66,0,0,0,0,0,0
iran_rouzbeh_cheshmi,,,,71,67,74,72,70,68,75,0,0,0,0,0,0
iran_mehdi_torabi,,,,71,70,68,75,73,71,69,0,0,0,0,0,0
iran_aria_yousefi,,,,71,73,71,69,67,74,72,0,0,0,0,0,0
iran_amirhossein_hosseinzadeh,,,,76,72,79,77,75,73,80,0,0,0,0,0,0
iran_ali_nemati,,,,71,70,68,75,73,71,69,0,0,0,0,0,0
iran_shahriyar_moghanlou,,,,76,78,76,74,72,79,77,0,0,0,0,0,0
iran_mohammad_ghorbani,,,,71,67,74,72,70,68,75,0,0,0,0,0,0
iran_hossein_hosseini,,,,71,0,0,0,0,0,0,70,68,75,73,71,69
iran_ramin_rezaeian,,,,71,73,71,69,67,74,72,0,0,0,0,0,0
iran_dennis_eckert,Union Saint-Gilloise,Pro League,https://cdn.sofifa.net/meta/team/3958/30.png,70,74,69,49,69,34,60,0,0,0,0,0,0
iran_danial_eiri,,,,71,70,68,75,73,71,69,0,0,0,0,0,0
iran_amirmohammad_razzaghinia,,,,71,73,71,69,67,74,72,0,0,0,0,0,0
egypt_mohamed_el_shenawy,,,,76,0,0,0,0,0,0,75,73,80,78,76,74
egypt_yasser_ibrahim,CF Montréal,Major League Soccer,,63,87,57,51,72,31,68,0,0,0,0,0,0
egypt_mohamed_hany,,,,76,72,79,77,75,73,80,0,0,0,0,0,0
egypt_hossam_abdelmaguid,,,,76,75,73,80,78,76,74,0,0,0,0,0,0
egypt_ramy_rabia,,,,76,78,76,74,72,79,77,0,0,0,0,0,0
egypt_mohamed_abdelmonem,,,,71,67,74,72,70,68,75,0,0,0,0,0,0
egypt_trezeguet,Trabzonspor,Süper Lig,https://cdn.sofifa.net/meta/team/688/30.png,75,78,71,70,77,38,66,0,0,0,0,0,0
egypt_emam_ashour,,,,82,84,82,80,78,85,83,0,0,0,0,0,0
egypt_hamza_abdelkarim,,,,82,78,85,83,81,79,86,0,0,0,0,0,0
egypt_mohamed_salah,Liverpool,Premier League,https://cdn.sofifa.net/meta/team/8/30.png,89,89,87,82,89,45,77,0,0,0,0,0,0
egypt_mostafa_ziko,,,,71,73,71,69,67,74,72,0,0,0,0,0,0
egypt_haissem_hassan,Sporting Gijón,La Liga 2,https://cdn.sofifa.net/meta/team/344/30.png,70,89,60,59,84,29,56,0,0,0,0,0,0
egypt_ahmed_fatouh,,,,71,70,68,75,73,71,69,0,0,0,0,0,0
egypt_hamdy_fathy,,,,71,73,71,69,67,74,72,0,0,0,0,0,0
egypt_karim_hafez,,,,71,67,74,72,70,68,75,0,0,0,0,0,0
egypt_el_mahdy_soliman,,,,71,0,0,0,0,0,0,70,68,75,73,71,69
egypt_mohanad_lasheen,,,,71,73,71,69,67,74,72,0,0,0,0,0,0
egypt_nabil_emad,,,,71,67,74,72,70,68,75,0,0,0,0,0,0
egypt_marwan_attia,,,,71,70,68,75,73,71,69,0,0,0,0,0,0
egypt_ibrahim_adel,,,,76,78,76,74,72,79,77,0,0,0,0,0,0
egypt_mahmoud_saber,,,,71,67,74,72,70,68,75,0,0,0,0,0,0
egypt_omar_marmoush,Eintracht Frankfurt,Bundesliga,https://cdn.sofifa.net/meta/team/366/30.png,78,86,77,62,83,36,72,0,0,0,0,0,0
egypt_mostafa_shobeir,,,,71,0,0,0,0,0,0,73,71,69,67,74,72
egypt_tarek_alaa,,,,71,67,74,72,70,68,75,0,0,0,0,0,0
egypt_zizo,,,,76,75,73,80,78,76,74,0,0,0,0,0,0
egypt_mohamed_alaa,,,,71,0,0,0,0,0,0,73,71,69,67,74,72
new_zealand_max_crocombe,Burton Albion,League One,https://cdn.sofifa.net/meta/team/150/30.png,65,0,0,0,0,0,0,65,64,62,65,48,63
new_zealand_tim_payne,Wellington Phoenix,A-League Men,https://cdn.sofifa.net/meta/team/1868/30.png,66,68,57,61,60,62,79,0,0,0,0,0,0
new_zealand_francis_de_vries,,,,76,72,79,77,75,73,80,0,0,0,0,0,0
new_zealand_tyler_bindon,Reading,League One,https://cdn.sofifa.net/meta/team/23/30.png,66,63,30,44,55,67,69,0,0,0,0,0,0
new_zealand_michael_boxall,Minnesota United,Major League Soccer,https://cdn.sofifa.net/meta/team/3639/30.png,69,54,48,57,53,67,75,0,0,0,0,0,0
new_zealand_joe_bell,Viking,Eliteserien,https://cdn.sofifa.net/meta/team/321/30.png,67,64,62,66,68,62,76,0,0,0,0,0,0
new_zealand_matthew_garbett,,,,67,71,62,65,69,29,65,0,0,0,0,0,0
new_zealand_marko_stamenic,,,,71,70,66,69,67,37,68,0,0,0,0,0,0
new_zealand_chris_wood,Nottingham Forest,Premier League,https://cdn.sofifa.net/meta/team/63/30.png,75,54,75,59,61,46,77,0,0,0,0,0,0
new_zealand_sarpreet_singh,Hansa Rostock,2. Bundesliga,https://cdn.sofifa.net/meta/team/575/30.png,67,69,62,68,75,46,58,0,0,0,0,0,0
new_zealand_elijah_just,,,,65,72,55,62,70,30,55,0,0,0,0,0,0
new_zealand_alex_paulsen,Wellington Phoenix,A-League Men,https://cdn.sofifa.net/meta/team/1868/30.png,68,0,0,0,0,0,0,66,63,68,71,50,62
new_zealand_liberato_cacace,Empoli,Serie A,https://cdn.sofifa.net/meta/team/397/30.png,71,75,60,65,71,65,77,0,0,0,0,0,0
new_zealand_alex_rufer,Wellington Phoenix,A-League Men,https://cdn.sofifa.net/meta/team/1868/30.png,66,65,51,63,64,60,76,0,0,0,0,0,0
new_zealand_nando_pijnaker,Sligo Rovers,Premier Division,https://cdn.sofifa.net/meta/team/910/30.png,62,51,40,49,52,61,72,0,0,0,0,0,0
new_zealand_finn_surman,Wellington Phoenix,A-League Men,https://cdn.sofifa.net/meta/team/1868/30.png,64,64,33,42,48,62,72,0,0,0,0,0,0
new_zealand_kosta_barbarouses,Wellington Phoenix,A-League Men,https://cdn.sofifa.net/meta/team/1868/30.png,67,79,67,60,71,38,74,0,0,0,0,0,0
new_zealand_ben_waine,Plymouth Argyle,Championship,https://cdn.sofifa.net/meta/team/110/30.png,64,82,63,56,67,45,76,0,0,0,0,0,0
new_zealand_ben_old,Wellington Phoenix,A-League Men,https://cdn.sofifa.net/meta/team/1868/30.png,64,83,56,59,74,43,67,0,0,0,0,0,0
new_zealand_callum_mccowatt,Silkeborg,Superliga,https://cdn.sofifa.net/meta/team/86/30.png,66,76,65,64,66,52,70,0,0,0,0,0,0
new_zealand_jesse_randall,Peterborough United,League One,,66,80,59,63,72,34,52,0,0,0,0,0,0
new_zealand_michael_woud,,,,71,0,0,0,0,0,0,70,68,75,73,71,69
new_zealand_ryan_thomas,PEC Zwolle,Eredivisie,https://cdn.sofifa.net/meta/team/1016/30.png,67,69,60,68,72,52,63,0,0,0,0,0,0
new_zealand_callan_elliot,Motherwell,Premiership,https://cdn.sofifa.net/meta/team/309/30.png,63,77,48,56,68,54,66,0,0,0,0,0,0
new_zealand_lachlan_bayliss,Newcastle Jets,A-League Men,https://cdn.sofifa.net/meta/team/557/30.png,57,74,53,51,64,43,55,0,0,0,0,0,0
new_zealand_tommy_smith,Middlesbrough,Championship,https://cdn.sofifa.net/meta/team/7/30.png,71,67,45,66,64,69,73,0,0,0,0,0,0
spain_david_raya,Arsenal,Premier League,https://cdn.sofifa.net/meta/team/19/30.png,82,0,0,0,0,0,0,82,81,86,82,55,81
spain_marc_pubill,Almería,La Liga,https://cdn.sofifa.net/meta/team/618/30.png,71,78,58,61,67,64,78,0,0,0,0,0,0
spain_alex_grimaldo,Bayer 04 Leverkusen,Bundesliga,https://cdn.sofifa.net/meta/team/3321/30.png,86,81,74,86,85,73,74,0,0,0,0,0,0
spain_eric_garcia,Osasuna,La Liga,https://cdn.sofifa.net/meta/team/459/30.png,82,59,39,61,60,84,78,0,0,0,0,0,0
spain_marcos_llorente,Atlético Madrid,La Liga,https://cdn.sofifa.net/meta/team/7980/30.png,84,89,79,79,79,76,83,0,0,0,0,0,0
spain_mikel_merino,Real Sociedad,La Liga,https://cdn.sofifa.net/meta/team/594/30.png,84,72,77,82,79,82,84,0,0,0,0,0,0
spain_ferran_torres,FC Barcelona,La Liga,https://cdn.sofifa.net/meta/team/83/30.png,83,84,80,78,83,41,70,0,0,0,0,0,0
spain_fabian_ruiz,Paris Saint Germain,Ligue 1,https://cdn.sofifa.net/meta/team/591/30.png,80,55,75,78,74,73,72,0,0,0,0,0,0
spain_gavi,FC Barcelona,La Liga,https://cdn.sofifa.net/meta/team/83/30.png,83,76,65,78,87,63,72,0,0,0,0,0,0
spain_dani_olmo,RB Leipzig,Bundesliga,https://cdn.sofifa.net/meta/team/277/30.png,83,69,78,81,86,47,60,0,0,0,0,0,0
spain_yeremy_pino,Villarreal,La Liga,https://cdn.sofifa.net/meta/team/3477/30.png,79,77,72,76,80,42,51,0,0,0,0,0,0
spain_pedro_porro,Tottenham Hotspur,Premier League,https://cdn.sofifa.net/meta/team/6/30.png,82,82,74,80,79,75,79,0,0,0,0,0,0
spain_joan_garcia,Espanyol,La Liga 2,https://cdn.sofifa.net/meta/team/528/30.png,69,0,0,0,0,0,0,68,68,65,69,42,66
spain_aymeric_laporte,Al Nassr,Pro League,https://cdn.sofifa.net/meta/team/2506/30.png,83,56,51,70,63,84,76,0,0,0,0,0,0
spain_alex_baena,Villarreal,La Liga,https://cdn.sofifa.net/meta/team/3477/30.png,77,75,76,73,75,64,69,0,0,0,0,0,0
spain_rodri,Manchester City,Premier League,https://cdn.sofifa.net/meta/team/9/30.png,90,64,80,84,77,85,85,0,0,0,0,0,0
spain_nico_williams,Athletic Club,La Liga,https://cdn.sofifa.net/meta/team/13258/30.png,82,94,73,74,87,39,69,0,0,0,0,0,0
spain_martin_zubimendi,Real Sociedad,La Liga,https://cdn.sofifa.net/meta/team/594/30.png,81,65,65,74,75,76,72,0,0,0,0,0,0
spain_lamine_yamal,,,,88,87,85,92,90,88,86,0,0,0,0,0,0
spain_pedri,FC Barcelona,La Liga,https://cdn.sofifa.net/meta/team/83/30.png,86,79,69,82,88,65,74,0,0,0,0,0,0
spain_mikel_oyarzabal,Real Sociedad,La Liga,https://cdn.sofifa.net/meta/team/594/30.png,83,77,81,79,81,44,65,0,0,0,0,0,0
spain_pau_cubarsi,FC Barcelona,La Liga,https://cdn.sofifa.net/meta/team/83/30.png,66,67,23,41,60,67,65,0,0,0,0,0,0
spain_unai_simon,Athletic Club,La Liga,https://cdn.sofifa.net/meta/team/13258/30.png,85,0,0,0,0,0,0,85,81,76,86,49,85
spain_marc_cucurella,Chelsea,Premier League,https://cdn.sofifa.net/meta/team/18/30.png,80,76,64,78,80,72,76,0,0,0,0,0,0
spain_victor_munoz,Crystal Palace,Premier League,,79,84,67,71,76,76,84,0,0,0,0,0,0
spain_borja_iglesias,Bayer 04 Leverkusen,Bundesliga,https://cdn.sofifa.net/meta/team/3321/30.png,81,67,80,63,70,46,79,0,0,0,0,0,0
uruguay_sergio_rochet,,,,76,0,0,0,0,0,0,75,73,80,78,76,74
uruguay_jose_maria_gimenez,Atlético Madrid,La Liga,https://cdn.sofifa.net/meta/team/7980/30.png,83,71,43,54,59,85,83,0,0,0,0,0,0
uruguay_sebastian_caceres,Lanús,Liga Profesional de Fútbol,,73,80,50,60,70,69,73,0,0,0,0,0,0
uruguay_ronald_araujo,FC Barcelona,La Liga,https://cdn.sofifa.net/meta/team/83/30.png,86,81,51,61,59,86,85,0,0,0,0,0,0
uruguay_manuel_ugarte,Paris Saint Germain,Ligue 1,https://cdn.sofifa.net/meta/team/591/30.png,81,72,63,72,74,74,81,0,0,0,0,0,0
uruguay_rodrigo_bentancur,Tottenham Hotspur,Premier League,https://cdn.sofifa.net/meta/team/6/30.png,82,70,70,80,79,76,76,0,0,0,0,0,0
uruguay_nicolas_de_la_cruz,Osasuna,La Liga,,75,73,39,61,63,72,74,0,0,0,0,0,0
uruguay_federico_valverde,Real Madrid,La Liga,https://cdn.sofifa.net/meta/team/3468/30.png,88,88,83,83,79,77,84,0,0,0,0,0,0
uruguay_darwin_nunez,Liverpool,Premier League,https://cdn.sofifa.net/meta/team/8/30.png,83,90,82,73,76,51,88,0,0,0,0,0,0
uruguay_giorgian_de_arrascaeta,,,,82,81,79,86,84,82,80,0,0,0,0,0,0
uruguay_facundo_pellistri,Granada,La Liga,https://cdn.sofifa.net/meta/team/103/30.png,71,80,63,66,80,40,67,0,0,0,0,0,0
uruguay_santiago_mele,Junior,Categoría Primera A,https://cdn.sofifa.net/meta/team/7792/30.png,73,0,0,0,0,0,0,75,70,68,76,50,68
uruguay_guillermo_varela,Porto,Primeira Liga,,77,68,64,74,73,70,78,0,0,0,0,0,0
uruguay_agustin_canobbio,,,,71,73,71,69,67,74,72,0,0,0,0,0,0
uruguay_emiliano_martinez,Midtjylland,Superliga,https://cdn.sofifa.net/meta/team/939/30.png,73,73,55,58,72,68,70,0,0,0,0,0,0
uruguay_mathias_olivera,Napoli,Serie A,https://cdn.sofifa.net/meta/team/597/30.png,77,75,51,69,64,73,77,0,0,0,0,0,0
uruguay_matias_vina,Al Hazem,Pro League,,74,74,74,73,72,54,72,0,0,0,0,0,0
uruguay_brian_rodriguez,Mallorca,La Liga,,78,84,70,74,72,62,70,0,0,0,0,0,0
uruguay_rodrigo_aguirre,Atlético Nacional,Categoría Primera A,,70,59,36,49,54,74,72,0,0,0,0,0,0
uruguay_maximiliano_araujo,FC Barcelona,La Liga,,86,81,51,61,59,86,85,0,0,0,0,0,0
uruguay_federico_vinas,,,,76,72,79,77,75,73,80,0,0,0,0,0,0
uruguay_joaquin_piquerez,,,,71,70,68,75,73,71,69,0,0,0,0,0,0
uruguay_fernando_muslera,Galatasaray,Süper Lig,https://cdn.sofifa.net/meta/team/34/30.png,80,0,0,0,0,0,0,78,81,72,78,36,83
uruguay_santiago_bueno,Wolverhampton Wanderers,Premier League,https://cdn.sofifa.net/meta/team/29/30.png,77,51,31,51,52,77,77,0,0,0,0,0,0
uruguay_juan_manuel_sanabria,Torino,Serie A,,78,78,75,68,81,39,63,0,0,0,0,0,0
uruguay_rodrigo_zalazar,Sporting Braga,Primeira Liga,https://cdn.sofifa.net/meta/team/884/30.png,75,80,75,72,81,61,74,0,0,0,0,0,0
saudi_arabia_nawaf_al_aqidi,Al Nassr,Pro League,https://cdn.sofifa.net/meta/team/2506/30.png,67,0,0,0,0,0,0,69,64,63,67,48,62
saudi_arabia_ali_majrashi,Al Ahli Jeddah,Pro League,https://cdn.sofifa.net/meta/team/9908/30.png,64,81,50,50,70,54,72,0,0,0,0,0,0
saudi_arabia_ali_lajami,Al Nassr,Pro League,https://cdn.sofifa.net/meta/team/2506/30.png,68,76,47,53,66,66,77,0,0,0,0,0,0
saudi_arabia_abdulelah_al_amri,Al Nassr,Pro League,https://cdn.sofifa.net/meta/team/2506/30.png,69,68,33,47,48,69,83,0,0,0,0,0,0
saudi_arabia_hassan_al_tambakti,Al Hilal,Pro League,https://cdn.sofifa.net/meta/team/7011/30.png,73,83,34,57,64,72,74,0,0,0,0,0,0
saudi_arabia_nasser_al_dawsari,Al Hilal,Pro League,https://cdn.sofifa.net/meta/team/7011/30.png,65,68,57,68,70,56,59,0,0,0,0,0,0
saudi_arabia_musab_al_juwayr,,,,71,70,68,75,73,71,69,0,0,0,0,0,0
saudi_arabia_ayman_yahya,Al Nassr,Pro League,https://cdn.sofifa.net/meta/team/2506/30.png,64,84,58,54,70,34,67,0,0,0,0,0,0
saudi_arabia_firas_al_buraikan,Al Ahli Jeddah,Pro League,https://cdn.sofifa.net/meta/team/9908/30.png,73,76,70,50,67,39,73,0,0,0,0,0,0
saudi_arabia_salem_al_dawsari,Al Hilal,Pro League,https://cdn.sofifa.net/meta/team/7011/30.png,79,85,75,70,84,51,79,0,0,0,0,0,0
saudi_arabia_saleh_al_shehri,Al Hilal,Pro League,https://cdn.sofifa.net/meta/team/7011/30.png,68,66,66,50,59,37,71,0,0,0,0,0,0
saudi_arabia_saud_abdulhamid,Al Hilal,Pro League,https://cdn.sofifa.net/meta/team/7011/30.png,77,92,49,65,76,68,78,0,0,0,0,0,0
saudi_arabia_nawaf_boushal,Al Nassr,Pro League,https://cdn.sofifa.net/meta/team/2506/30.png,64,80,40,47,68,56,73,0,0,0,0,0,0
saudi_arabia_hassan_kadesh,Al Ittihad,Pro League,https://cdn.sofifa.net/meta/team/476/30.png,69,75,50,61,64,69,79,0,0,0,0,0,0
saudi_arabia_abdullah_al_khaibari,Al Nassr,Pro League,https://cdn.sofifa.net/meta/team/2506/30.png,70,68,46,60,68,65,71,0,0,0,0,0,0
saudi_arabia_ziyad_al_johani,Al Ahli Jeddah,Pro League,https://cdn.sofifa.net/meta/team/9908/30.png,60,64,43,56,61,56,55,0,0,0,0,0,0
saudi_arabia_khalid_al_ghannam,Al Ettifaq,Pro League,https://cdn.sofifa.net/meta/team/10010/30.png,63,72,53,54,77,32,44,0,0,0,0,0,0
saudi_arabia_alaa_al_hejji,,,,71,67,74,72,70,68,75,0,0,0,0,0,0
saudi_arabia_abdullah_al_hamdan,Al Hilal,Pro League,https://cdn.sofifa.net/meta/team/7011/30.png,61,71,59,56,60,38,65,0,0,0,0,0,0
saudi_arabia_sultan_mandash,Al Fayha,Pro League,https://cdn.sofifa.net/meta/team/17724/30.png,65,81,57,57,73,29,59,0,0,0,0,0,0
saudi_arabia_mohammed_al_owais,Al Hilal,Pro League,https://cdn.sofifa.net/meta/team/7011/30.png,69,0,0,0,0,0,0,77,62,60,71,52,64
saudi_arabia_ahmed_al_kassar,,,,71,0,0,0,0,0,0,70,68,75,73,71,69
saudi_arabia_mohamed_kanno,Al Hilal,Pro League,,71,75,67,68,69,66,74,0,0,0,0,0,0
saudi_arabia_moteb_al_harbi,Al Shabab,Pro League,https://cdn.sofifa.net/meta/team/16184/30.png,68,93,53,64,73,53,62,0,0,0,0,0,0
saudi_arabia_jehad_thakri,,,,71,70,68,75,73,71,69,0,0,0,0,0,0
saudi_arabia_mohammed_abu_al_shamat,Al Taawon,Pro League,,56,73,45,49,59,23,44,0,0,0,0,0,0
cape_verde_vozinha,,,,76,0,0,0,0,0,0,75,73,80,78,76,74
cape_verde_stopira,,,,71,73,71,69,67,74,72,0,0,0,0,0,0
cape_verde_diney,,,,76,72,79,77,75,73,80,0,0,0,0,0,0
cape_verde_roberto_lopes,Shamrock Rovers,Premier Division,https://cdn.sofifa.net/meta/team/207/30.png,67,54,32,44,48,67,75,0,0,0,0,0,0
cape_verde_logan_costa,Toulouse,Ligue 1,https://cdn.sofifa.net/meta/team/289/30.png,73,49,33,51,48,74,74,0,0,0,0,0,0
cape_verde_kevin_pina,Eldense,La Liga 2,,67,65,32,45,52,68,66,0,0,0,0,0,0
cape_verde_jovane_cabral,Benfica,Primeira Liga,,79,74,79,63,74,41,79,0,0,0,0,0,0
cape_verde_joao_paulo,Seattle Sounders,Major League Soccer,https://cdn.sofifa.net/meta/team/2649/30.png,76,65,71,75,75,69,75,0,0,0,0,0,0
cape_verde_gilson_benchimol,,,,82,78,85,83,81,79,86,0,0,0,0,0,0
cape_verde_jamiro_monteiro,Gaziantep F.K.,Süper Lig,https://cdn.sofifa.net/meta/team/4192/30.png,73,75,60,71,79,56,74,0,0,0,0,0,0
cape_verde_garry_rodrigues,Ankaragücü,Süper Lig,https://cdn.sofifa.net/meta/team/3470/30.png,72,82,70,68,76,46,67,0,0,0,0,0,0
cape_verde_marcio_rosa,,,,76,0,0,0,0,0,0,72,79,77,75,73,80
cape_verde_sidny_lopes_cabral,Viktoria Köln,3. Liga,https://cdn.sofifa.net/meta/team/2823/30.png,61,79,40,53,65,53,62,0,0,0,0,0,0
cape_verde_deroy_duarte,Fortuna Sittard,Eredivisie,https://cdn.sofifa.net/meta/team/1459/30.png,69,70,63,67,71,61,75,0,0,0,0,0,0
cape_verde_laros_duarte,Deportivo Alavés,La Liga,,75,64,43,64,67,76,72,0,0,0,0,0,0
cape_verde_yannick_semedo,Al Tai,Pro League,,70,67,62,61,63,70,78,0,0,0,0,0,0
cape_verde_willy_semedo,Al Tai,Pro League,,70,67,62,61,63,70,78,0,0,0,0,0,0
cape_verde_telmo_arcanjo,Vitória SC,Primeira Liga,https://cdn.sofifa.net/meta/team/830/30.png,61,69,50,59,63,40,49,0,0,0,0,0,0
cape_verde_dailon_livramento,Newcastle United,Premier League,,77,81,53,68,78,70,73,0,0,0,0,0,0
cape_verde_ryan_mendes,Fatih Karagümrük,Süper Lig,https://cdn.sofifa.net/meta/team/3990/30.png,71,75,62,68,76,30,54,0,0,0,0,0,0
cape_verde_nuno_da_costa,Kasımpaşa,Süper Lig,https://cdn.sofifa.net/meta/team/1071/30.png,71,82,68,60,74,32,67,0,0,0,0,0,0
cape_verde_steven_moreira,Columbus Crew,Major League Soccer,https://cdn.sofifa.net/meta/team/577/30.png,69,69,38,64,68,68,74,0,0,0,0,0,0
cape_verde_cj_dos_santos,Inter Miami,Major League Soccer,https://cdn.sofifa.net/meta/team/239235/30.png,61,0,0,0,0,0,0,60,61,58,64,28,59
cape_verde_wagner_pina,Estoril,Primeira Liga,https://cdn.sofifa.net/meta/team/1198/30.png,65,76,41,55,69,51,64,0,0,0,0,0,0
cape_verde_kelvin_pires,Cádiz,La Liga,,72,77,49,64,66,66,68,0,0,0,0,0,0
cape_verde_helio_varela,Portimonense,Primeira Liga,https://cdn.sofifa.net/meta/team/1658/30.png,68,90,66,55,74,33,69,0,0,0,0,0,0
france_brice_samba,Lens,Ligue 1,https://cdn.sofifa.net/meta/team/271/30.png,82,0,0,0,0,0,0,79,83,80,84,55,81
france_malo_gusto,Chelsea,Premier League,https://cdn.sofifa.net/meta/team/18/30.png,78,87,55,73,77,69,77,0,0,0,0,0,0
france_lucas_digne,Aston Villa,Premier League,https://cdn.sofifa.net/meta/team/15/30.png,79,76,72,79,76,76,76,0,0,0,0,0,0
france_dayot_upamecano,FC Bayern München,Bundesliga,https://cdn.sofifa.net/meta/team/503/30.png,83,82,45,59,69,82,84,0,0,0,0,0,0
france_jules_kounde,FC Barcelona,La Liga,https://cdn.sofifa.net/meta/team/83/30.png,85,84,43,65,74,84,82,0,0,0,0,0,0
france_manu_kone,Borussia Mönchengladbach,Bundesliga,https://cdn.sofifa.net/meta/team/683/30.png,76,74,69,73,80,69,76,0,0,0,0,0,0
france_ousmane_dembele,Paris Saint Germain,Ligue 1,https://cdn.sofifa.net/meta/team/591/30.png,86,94,78,81,88,37,60,0,0,0,0,0,0
france_aurelien_tchouameni,Real Madrid,La Liga,https://cdn.sofifa.net/meta/team/3468/30.png,84,73,68,79,75,80,83,0,0,0,0,0,0
france_marcus_thuram,Inter,Serie A,https://cdn.sofifa.net/meta/team/2930/30.png,81,85,79,73,76,51,76,0,0,0,0,0,0
france_kylian_mbappe,Paris Saint Germain,Ligue 1,https://cdn.sofifa.net/meta/team/591/30.png,91,97,89,80,90,41,79,0,0,0,0,0,0
france_michael_olise,Crystal Palace,Premier League,https://cdn.sofifa.net/meta/team/51/30.png,80,81,73,80,86,49,59,0,0,0,0,0,0
france_bradley_barcola,Paris Saint Germain,Ligue 1,https://cdn.sofifa.net/meta/team/591/30.png,80,86,74,74,78,40,67,0,0,0,0,0,0
france_n_golo_kante,Al Ittihad,Pro League,https://cdn.sofifa.net/meta/team/476/30.png,85,69,66,70,82,79,77,0,0,0,0,0,0
france_adrien_rabiot,Juventus,Serie A,https://cdn.sofifa.net/meta/team/625/30.png,84,81,78,79,76,81,86,0,0,0,0,0,0
france_ibrahima_konate,Liverpool,Premier League,https://cdn.sofifa.net/meta/team/8/30.png,83,79,34,55,65,82,82,0,0,0,0,0,0
france_mike_maignan,Milan,Serie A,https://cdn.sofifa.net/meta/team/113/30.png,87,0,0,0,0,0,0,85,82,87,89,52,85
france_william_saliba,Arsenal,Premier League,https://cdn.sofifa.net/meta/team/19/30.png,85,82,39,67,66,83,83,0,0,0,0,0,0
france_warren_zaire_emery,Paris Saint Germain,Ligue 1,https://cdn.sofifa.net/meta/team/591/30.png,80,79,67,75,79,73,79,0,0,0,0,0,0
france_theo_hernandez,Milan,Serie A,https://cdn.sofifa.net/meta/team/113/30.png,85,93,77,76,79,77,86,0,0,0,0,0,0
france_desire_doue,Rennes,Ligue 1,https://cdn.sofifa.net/meta/team/598/30.png,74,79,67,68,79,47,62,0,0,0,0,0,0
france_lucas_hernandez,Paris Saint Germain,Ligue 1,https://cdn.sofifa.net/meta/team/591/30.png,84,76,56,70,70,84,81,0,0,0,0,0,0
france_jean_philippe_mateta,Crystal Palace,Premier League,https://cdn.sofifa.net/meta/team/51/30.png,76,71,74,60,65,43,81,0,0,0,0,0,0
france_robin_risser,,,,71,0,0,0,0,0,0,73,71,69,67,74,72
france_rayan_cherki,Olympique Lyonnais,Ligue 1,https://cdn.sofifa.net/meta/team/79/30.png,74,68,67,72,83,21,59,0,0,0,0,0,0
france_maghnes_akliouche,Monaco,Ligue 1,https://cdn.sofifa.net/meta/team/6789/30.png,76,74,67,75,79,47,60,0,0,0,0,0,0
france_maxence_lacroix,VfL Wolfsburg,Bundesliga,https://cdn.sofifa.net/meta/team/510/30.png,76,86,32,52,63,75,77,0,0,0,0,0,0
senegal_yehvann_diouf,Stade de Reims,Ligue 1,https://cdn.sofifa.net/meta/team/1028/30.png,77,0,0,0,0,0,0,77,74,72,78,45,75
senegal_mamadou_sarr,RWDM,Pro League,https://cdn.sofifa.net/meta/team/8307/30.png,66,61,29,50,52,66,67,0,0,0,0,0,0
senegal_kalidou_koulibaly,Al Hilal,Pro League,https://cdn.sofifa.net/meta/team/7011/30.png,84,76,49,62,55,84,83,0,0,0,0,0,0
senegal_abdoulaye_seck,Portimonense,Primeira Liga,,68,72,49,60,66,64,64,0,0,0,0,0,0
senegal_idrissa_gueye,Everton,Premier League,https://cdn.sofifa.net/meta/team/13/30.png,76,61,56,64,74,76,71,0,0,0,0,0,0
senegal_pathe_ciss,Rayo Vallecano,La Liga,https://cdn.sofifa.net/meta/team/377/30.png,74,62,55,57,61,72,84,0,0,0,0,0,0
senegal_assane_diao,Real Betis,La Liga,https://cdn.sofifa.net/meta/team/485/30.png,70,85,67,60,76,32,57,0,0,0,0,0,0
senegal_lamine_camara,Metz,Ligue 1,https://cdn.sofifa.net/meta/team/3513/30.png,71,79,62,70,75,50,59,0,0,0,0,0,0
senegal_bamba_dieng,Lorient,Ligue 1,https://cdn.sofifa.net/meta/team/9257/30.png,72,80,74,58,70,38,62,0,0,0,0,0,0
senegal_sadio_mane,Al Nassr,Pro League,https://cdn.sofifa.net/meta/team/2506/30.png,85,83,81,78,86,50,77,0,0,0,0,0,0
senegal_nicolas_jackson,Chelsea,Premier League,https://cdn.sofifa.net/meta/team/18/30.png,78,83,77,60,77,47,74,0,0,0,0,0,0
senegal_cherif_ndiaye,Olympique de Marseille,Ligue 1,,75,84,72,62,81,37,62,0,0,0,0,0,0
senegal_iliman_ndiaye,Olympique de Marseille,Ligue 1,https://cdn.sofifa.net/meta/team/44/30.png,75,84,72,62,81,37,62,0,0,0,0,0,0
senegal_ismail_jakobs,Monaco,Ligue 1,https://cdn.sofifa.net/meta/team/6789/30.png,74,84,57,64,72,67,72,0,0,0,0,0,0
senegal_krepin_diatta,Monaco,Ligue 1,https://cdn.sofifa.net/meta/team/6789/30.png,75,91,70,66,80,52,70,0,0,0,0,0,0
senegal_edouard_mendy,Al Ahli Jeddah,Pro League,https://cdn.sofifa.net/meta/team/9908/30.png,81,0,0,0,0,0,0,78,79,75,83,35,79
senegal_pape_matar_sarr,Tottenham Hotspur,Premier League,https://cdn.sofifa.net/meta/team/6/30.png,78,70,66,74,76,71,76,0,0,0,0,0,0
senegal_ismaila_sarr,Olympique de Marseille,Ligue 1,https://cdn.sofifa.net/meta/team/44/30.png,76,91,77,68,78,27,68,0,0,0,0,0,0
senegal_moussa_niakhate,Nottingham Forest,Premier League,https://cdn.sofifa.net/meta/team/63/30.png,77,74,42,59,60,77,77,0,0,0,0,0,0
senegal_ibrahim_mbaye,Cádiz,La Liga,,70,58,31,55,47,72,69,0,0,0,0,0,0
senegal_habib_diarra,Strasbourg,Ligue 1,https://cdn.sofifa.net/meta/team/686/30.png,72,70,62,67,72,66,71,0,0,0,0,0,0
senegal_bara_sapoko_ndiaye,Olympique de Marseille,Ligue 1,,75,84,72,62,81,37,62,0,0,0,0,0,0
senegal_mory_diaw,Clermont,Ligue 1,https://cdn.sofifa.net/meta/team/6898/30.png,75,0,0,0,0,0,0,77,74,73,78,43,72
senegal_antoine_mendy,Nice,Ligue 1,https://cdn.sofifa.net/meta/team/450/30.png,68,69,44,53,64,66,68,0,0,0,0,0,0
senegal_el_hadji_malick_diouf,Slavia Praha,First League,https://cdn.sofifa.net/meta/team/216/30.png,65,76,52,56,64,64,72,0,0,0,0,0,0
senegal_pape_gueye,Olympique de Marseille,Ligue 1,https://cdn.sofifa.net/meta/team/44/30.png,75,62,61,67,64,71,75,0,0,0,0,0,0
norway_rjan_nyland,Sevilla,La Liga,https://cdn.sofifa.net/meta/team/676/30.png,72,0,0,0,0,0,0,72,71,76,73,48,70
norway_morten_thorsby,Genoa,Serie A,https://cdn.sofifa.net/meta/team/102/30.png,72,63,63,68,69,73,82,0,0,0,0,0,0
norway_kristoffer_ajer,Brentford,Premier League,https://cdn.sofifa.net/meta/team/236/30.png,76,67,54,62,65,75,78,0,0,0,0,0,0
norway_leo_stigard,Napoli,Serie A,https://cdn.sofifa.net/meta/team/597/30.png,73,68,37,49,62,71,81,0,0,0,0,0,0
norway_david_mller_wolfe,AZ Alkmaar,Eredivisie,https://cdn.sofifa.net/meta/team/61/30.png,70,79,52,58,68,62,69,0,0,0,0,0,0
norway_patrick_berg,Bodø / Glimt,Eliteserien,https://cdn.sofifa.net/meta/team/1668/30.png,76,73,64,74,73,67,77,0,0,0,0,0,0
norway_alexander_srloth,Villarreal,La Liga,https://cdn.sofifa.net/meta/team/3477/30.png,79,79,76,69,67,41,85,0,0,0,0,0,0
norway_sander_berge,Burnley,Premier League,https://cdn.sofifa.net/meta/team/27/30.png,75,62,64,73,66,75,83,0,0,0,0,0,0
norway_erling_haaland,Manchester City,Premier League,https://cdn.sofifa.net/meta/team/9/30.png,91,88,92,68,78,49,87,0,0,0,0,0,0
norway_martin_degaard,Arsenal,Premier League,https://cdn.sofifa.net/meta/team/19/30.png,88,73,82,88,87,62,69,0,0,0,0,0,0
norway_jrgen_strand_larsen,Celta de Vigo,La Liga,https://cdn.sofifa.net/meta/team/36/30.png,75,77,74,57,67,39,82,0,0,0,0,0,0
norway_sander_tangvik,Rosenborg,Eliteserien,https://cdn.sofifa.net/meta/team/1335/30.png,64,0,0,0,0,0,0,65,63,63,65,57,63
norway_egil_selvik,Haugesund,Eliteserien,https://cdn.sofifa.net/meta/team/270/30.png,69,0,0,0,0,0,0,69,68,66,69,19,68
norway_fredrik_aursnes,Benfica,Primeira Liga,https://cdn.sofifa.net/meta/team/605/30.png,80,76,67,77,80,74,82,0,0,0,0,0,0
norway_fredrik_andre_bjrkan,Bodø / Glimt,Eliteserien,https://cdn.sofifa.net/meta/team/1668/30.png,73,81,54,65,74,65,75,0,0,0,0,0,0
norway_marcus_holmgren_pedersen,Sassuolo,Serie A,https://cdn.sofifa.net/meta/team/2714/30.png,73,90,51,69,75,61,69,0,0,0,0,0,0
norway_torbjrn_heggem,Brommapojkarna,Allsvenskan,https://cdn.sofifa.net/meta/team/3285/30.png,64,69,39,54,54,64,67,0,0,0,0,0,0
norway_kristian_thorstvedt,Sassuolo,Serie A,https://cdn.sofifa.net/meta/team/2714/30.png,73,64,71,72,65,67,80,0,0,0,0,0,0
norway_thelo_aasgaard,Wigan Athletic,League One,https://cdn.sofifa.net/meta/team/17/30.png,64,64,65,62,70,42,56,0,0,0,0,0,0
norway_antonio_nusa,Club Brugge,Pro League,https://cdn.sofifa.net/meta/team/340/30.png,72,89,64,66,84,46,61,0,0,0,0,0,0
norway_andreas_schjelderup,Nordsjælland,Superliga,https://cdn.sofifa.net/meta/team/2394/30.png,72,78,64,64,80,36,55,0,0,0,0,0,0
norway_oscar_bobb,Manchester City,Premier League,https://cdn.sofifa.net/meta/team/9/30.png,68,80,59,62,77,36,44,0,0,0,0,0,0
norway_jens_petter_hauge,Bodø / Glimt,Eliteserien,https://cdn.sofifa.net/meta/team/1668/30.png,71,79,66,65,76,40,59,0,0,0,0,0,0
norway_sondre_langas,Viking,Eliteserien,https://cdn.sofifa.net/meta/team/321/30.png,62,78,30,50,59,62,72,0,0,0,0,0,0
norway_henrik_falchener,,,,71,70,68,75,73,71,69,0,0,0,0,0,0
norway_julian_ryerson,Borussia Dortmund,Bundesliga,https://cdn.sofifa.net/meta/team/68/30.png,78,75,61,68,77,73,81,0,0,0,0,0,0
iraq_fahad_talib,,,,76,0,0,0,0,0,0,75,73,80,78,76,74
iraq_rebin_sulaka,,,,71,73,71,69,67,74,72,0,0,0,0,0,0
iraq_hussein_ali,SC Heerenveen,Eredivisie,https://cdn.sofifa.net/meta/team/1053/30.png,62,73,36,47,63,56,61,0,0,0,0,0,0
iraq_zaid_tahseen,,,,76,75,73,80,78,76,74,0,0,0,0,0,0
iraq_akam_hashim,,,,76,78,76,74,72,79,77,0,0,0,0,0,0
iraq_manaf_younis,Western Sydney Wanderers,A-League Men,,56,76,45,45,71,33,52,0,0,0,0,0,0
iraq_youssef_amyn,Eintracht Braunschweig,2. Bundesliga,https://cdn.sofifa.net/meta/team/3565/30.png,64,77,59,56,80,38,48,0,0,0,0,0,0
iraq_ibrahim_bayesh,,,,82,84,82,80,78,85,83,0,0,0,0,0,0
iraq_ali_al_hamadi,Ipswich Town,Championship,https://cdn.sofifa.net/meta/team/116/30.png,64,81,61,43,64,24,73,0,0,0,0,0,0
iraq_mohanad_ali,,,,71,63,55,64,64,29,67,0,0,0,0,0,0
iraq_ahmed_qasem,Elfsborg,Allsvenskan,https://cdn.sofifa.net/meta/team/1226/30.png,58,70,49,53,65,40,53,0,0,0,0,0,0
iraq_jalal_hassan,,,,76,0,0,0,0,0,0,72,79,77,75,73,80
iraq_ali_yousif,Al Raed,Pro League,,57,69,39,49,57,52,66,0,0,0,0,0,0
iraq_zidane_iqbal,FC Utrecht,Eredivisie,https://cdn.sofifa.net/meta/team/750/30.png,63,68,58,62,75,50,56,0,0,0,0,0,0
iraq_ahmed_yahya,Damac,Pro League,https://cdn.sofifa.net/meta/team/17712/30.png,56,72,48,49,71,38,55,0,0,0,0,0,0
iraq_amir_al_ammari,Halmstad,Allsvenskan,https://cdn.sofifa.net/meta/team/720/30.png,65,68,57,64,65,56,71,0,0,0,0,0,0
iraq_ali_jasim,,,,76,78,76,74,72,79,77,0,0,0,0,0,0
iraq_aymen_hussein,Hertha BSC,2. Bundesliga,,68,69,59,67,76,61,69,0,0,0,0,0,0
iraq_kevin_yakob,AGF,Superliga,https://cdn.sofifa.net/meta/team/2905/30.png,68,71,62,68,75,61,67,0,0,0,0,0,0
iraq_aimar_sher,Sarpsborg 08,Eliteserien,https://cdn.sofifa.net/meta/team/2601/30.png,63,68,46,57,74,53,64,0,0,0,0,0,0
iraq_marko_farji,Strømsgodset,Eliteserien,https://cdn.sofifa.net/meta/team/313/30.png,59,74,53,54,66,33,58,0,0,0,0,0,0
iraq_ahmed_basil,,,,71,0,0,0,0,0,0,70,68,75,73,71,69
iraq_merchas_doski,,,,71,73,71,69,67,74,72,0,0,0,0,0,0
iraq_zaid_ismail,SC Heerenveen,Eredivisie,,57,70,52,44,58,28,49,0,0,0,0,0,0
iraq_mustafa_saadoon,,,,71,70,68,75,73,71,69,0,0,0,0,0,0
iraq_frans_putros,,,,71,73,71,69,67,74,72,0,0,0,0,0,0
argentina_juan_musso,Atalanta,Serie A,https://cdn.sofifa.net/meta/team/708/30.png,79,0,0,0,0,0,0,79,77,73,82,44,81
argentina_leonardo_balerdi,Olympique de Marseille,Ligue 1,https://cdn.sofifa.net/meta/team/44/30.png,78,65,38,58,64,78,78,0,0,0,0,0,0
argentina_nicolas_tagliafico,Olympique Lyonnais,Ligue 1,https://cdn.sofifa.net/meta/team/79/30.png,78,76,56,71,78,77,82,0,0,0,0,0,0
argentina_gonzalo_montiel,Nottingham Forest,Premier League,https://cdn.sofifa.net/meta/team/63/30.png,77,83,61,69,76,72,80,0,0,0,0,0,0
argentina_leandro_paredes,Roma,Serie A,https://cdn.sofifa.net/meta/team/37/30.png,78,62,68,83,76,70,77,0,0,0,0,0,0
argentina_lisandro_martinez,Manchester United,Premier League,https://cdn.sofifa.net/meta/team/14/30.png,84,74,61,79,79,83,83,0,0,0,0,0,0
argentina_rodrigo_de_paul,Atlético Madrid,La Liga,https://cdn.sofifa.net/meta/team/7980/30.png,84,78,77,84,81,72,83,0,0,0,0,0,0
argentina_valentin_barco,Brighton & Hove Albion,Premier League,https://cdn.sofifa.net/meta/team/78/30.png,72,76,48,73,78,64,62,0,0,0,0,0,0
argentina_julian_alvarez,Manchester City,Premier League,https://cdn.sofifa.net/meta/team/9/30.png,83,83,82,79,86,58,80,0,0,0,0,0,0
argentina_lionel_messi,Inter Miami,Major League Soccer,https://cdn.sofifa.net/meta/team/239235/30.png,90,81,88,90,94,35,63,0,0,0,0,0,0
argentina_giovani_lo_celso,Tottenham Hotspur,Premier League,https://cdn.sofifa.net/meta/team/6/30.png,80,71,75,82,82,67,74,0,0,0,0,0,0
argentina_geronimo_rulli,Ajax,Eredivisie,https://cdn.sofifa.net/meta/team/629/30.png,80,0,0,0,0,0,0,79,77,80,81,54,81
argentina_cristian_romero,Tottenham Hotspur,Premier League,https://cdn.sofifa.net/meta/team/6/30.png,83,71,46,57,65,84,83,0,0,0,0,0,0
argentina_exequiel_palacios,Bayer 04 Leverkusen,Bundesliga,https://cdn.sofifa.net/meta/team/3321/30.png,82,64,74,78,80,79,77,0,0,0,0,0,0
argentina_nicolas_gonzalez,Fiorentina,Serie A,https://cdn.sofifa.net/meta/team/109/30.png,81,87,74,72,82,51,70,0,0,0,0,0,0
argentina_thiago_almada,Atlanta United,Major League Soccer,https://cdn.sofifa.net/meta/team/3645/30.png,80,86,75,76,88,48,63,0,0,0,0,0,0
argentina_giuliano_simeone,Deportivo Alavés,La Liga,https://cdn.sofifa.net/meta/team/2975/30.png,72,83,68,56,75,33,80,0,0,0,0,0,0
argentina_nico_paz,Real Madrid,La Liga,https://cdn.sofifa.net/meta/team/3468/30.png,65,68,57,61,67,45,56,0,0,0,0,0,0
argentina_nicolas_otamendi,Benfica,Primeira Liga,https://cdn.sofifa.net/meta/team/605/30.png,82,64,57,62,58,82,87,0,0,0,0,0,0
argentina_alexis_mac_allister,Liverpool,Premier League,https://cdn.sofifa.net/meta/team/8/30.png,84,70,79,83,84,73,76,0,0,0,0,0,0
argentina_jose_manuel_lopez,Villarreal II,La Liga 2,https://cdn.sofifa.net/meta/team/13328/30.png,66,68,52,59,67,62,62,0,0,0,0,0,0
argentina_lautaro_martinez,Inter,Serie A,https://cdn.sofifa.net/meta/team/2930/30.png,88,80,87,73,88,54,87,0,0,0,0,0,0
argentina_emiliano_martinez,Aston Villa,Premier League,https://cdn.sofifa.net/meta/team/15/30.png,86,0,0,0,0,0,0,84,82,83,85,58,85
argentina_enzo_fernandez,Chelsea,Premier League,https://cdn.sofifa.net/meta/team/18/30.png,82,73,76,82,79,71,78,0,0,0,0,0,0
argentina_facundo_medina,Lens,Ligue 1,https://cdn.sofifa.net/meta/team/271/30.png,80,73,38,67,69,79,79,0,0,0,0,0,0
argentina_nahuel_molina,Atlético Madrid,La Liga,https://cdn.sofifa.net/meta/team/7980/30.png,82,85,69,75,79,75,74,0,0,0,0,0,0
austria_alexander_schlager,Salzburg,Bundesliga,https://cdn.sofifa.net/meta/team/49/30.png,74,0,0,0,0,0,0,73,72,66,76,47,73
austria_david_affengruber,Sturm Graz,Bundesliga,https://cdn.sofifa.net/meta/team/3357/30.png,71,73,43,48,61,71,74,0,0,0,0,0,0
austria_kevin_danso,Lens,Ligue 1,https://cdn.sofifa.net/meta/team/271/30.png,80,75,35,55,58,80,85,0,0,0,0,0,0
austria_xaver_schlager,RB Leipzig,Bundesliga,https://cdn.sofifa.net/meta/team/277/30.png,81,74,71,74,77,68,79,0,0,0,0,0,0
austria_stefan_posch,Bologna,Serie A,https://cdn.sofifa.net/meta/team/8513/30.png,78,77,58,67,60,80,77,0,0,0,0,0,0
austria_nicolas_seiwald,RB Leipzig,Bundesliga,https://cdn.sofifa.net/meta/team/277/30.png,76,74,64,74,75,71,77,0,0,0,0,0,0
austria_marko_arnautovic,Inter,Serie A,https://cdn.sofifa.net/meta/team/2930/30.png,80,74,79,78,77,50,81,0,0,0,0,0,0
austria_david_alaba,Real Madrid,La Liga,https://cdn.sofifa.net/meta/team/3468/30.png,85,79,72,81,79,83,79,0,0,0,0,0,0
austria_marcel_sabitzer,Borussia Dortmund,Bundesliga,https://cdn.sofifa.net/meta/team/68/30.png,82,75,82,80,80,70,77,0,0,0,0,0,0
austria_florian_grillitsch,TSG Hoffenheim,Bundesliga,https://cdn.sofifa.net/meta/team/2726/30.png,76,64,61,71,71,70,65,0,0,0,0,0,0
austria_michael_gregoritsch,SC Freiburg,Bundesliga,https://cdn.sofifa.net/meta/team/3543/30.png,78,59,80,70,63,50,75,0,0,0,0,0,0
austria_florian_wiegele,,,,76,0,0,0,0,0,0,72,79,77,75,73,80
austria_patrick_pentz,Brøndby,Superliga,https://cdn.sofifa.net/meta/team/293/30.png,72,0,0,0,0,0,0,72,69,70,73,54,71
austria_sasa_kalajdzic,Eintracht Frankfurt,Bundesliga,https://cdn.sofifa.net/meta/team/366/30.png,77,53,74,65,62,55,67,0,0,0,0,0,0
austria_philipp_lienhart,SC Freiburg,Bundesliga,https://cdn.sofifa.net/meta/team/3543/30.png,79,69,29,53,64,81,77,0,0,0,0,0,0
austria_phillipp_mwene,FSV Mainz 05,Bundesliga,https://cdn.sofifa.net/meta/team/794/30.png,75,80,53,66,79,63,69,0,0,0,0,0,0
austria_carney_chukwuemeka,Chelsea,Premier League,https://cdn.sofifa.net/meta/team/18/30.png,69,66,61,66,72,50,60,0,0,0,0,0,0
austria_romano_schmid,Werder Bremen,Bundesliga,https://cdn.sofifa.net/meta/team/82/30.png,74,75,64,70,83,45,55,0,0,0,0,0,0
austria_christoph_baumgartner,RB Leipzig,Bundesliga,https://cdn.sofifa.net/meta/team/277/30.png,79,76,74,73,81,52,64,0,0,0,0,0,0
austria_konrad_laimer,FC Bayern München,Bundesliga,https://cdn.sofifa.net/meta/team/503/30.png,83,80,69,77,77,78,82,0,0,0,0,0,0
austria_patrick_wimmer,VfL Wolfsburg,Bundesliga,https://cdn.sofifa.net/meta/team/510/30.png,77,83,69,70,82,47,69,0,0,0,0,0,0
austria_alexander_prass,Sturm Graz,Bundesliga,https://cdn.sofifa.net/meta/team/3357/30.png,74,73,67,73,76,66,75,0,0,0,0,0,0
austria_marco_friedl,Werder Bremen,Bundesliga,https://cdn.sofifa.net/meta/team/82/30.png,74,72,46,59,65,73,75,0,0,0,0,0,0
austria_paul_wanner,Elversberg,2. Bundesliga,https://cdn.sofifa.net/meta/team/3588/30.png,66,69,52,63,74,44,49,0,0,0,0,0,0
austria_michael_svoboda,Venezia,Serie B,https://cdn.sofifa.net/meta/team/267/30.png,68,62,45,49,48,66,76,0,0,0,0,0,0
austria_alessandro_schopf,Vancouver Whitecaps,Major League Soccer,https://cdn.sofifa.net/meta/team/292/30.png,68,70,66,67,71,59,68,0,0,0,0,0,0
algeria_melvin_mastil,,,,76,0,0,0,0,0,0,75,73,80,78,76,74
algeria_aissa_mandi,Villarreal,La Liga,https://cdn.sofifa.net/meta/team/3477/30.png,76,61,51,71,67,78,74,0,0,0,0,0,0
algeria_achref_abada,Charlotte,Major League Soccer,,74,87,72,66,81,49,65,0,0,0,0,0,0
algeria_mohamed_amine_tougai,,,,76,75,73,80,78,76,74,0,0,0,0,0,0
algeria_zineddine_belaid,,,,76,78,76,74,72,79,77,0,0,0,0,0,0
algeria_ramiz_zerrouki,Feyenoord,Eredivisie,https://cdn.sofifa.net/meta/team/73/30.png,75,68,67,71,74,65,79,0,0,0,0,0,0
algeria_riyad_mahrez,Al Ahli Jeddah,Pro League,https://cdn.sofifa.net/meta/team/9908/30.png,86,79,81,82,90,39,63,0,0,0,0,0,0
algeria_houssem_aouar,Roma,Serie A,https://cdn.sofifa.net/meta/team/37/30.png,75,69,69,76,80,62,68,0,0,0,0,0,0
algeria_amine_gouiri,Rennes,Ligue 1,https://cdn.sofifa.net/meta/team/598/30.png,78,77,80,75,77,47,72,0,0,0,0,0,0
algeria_fares_chaibi,Eintracht Frankfurt,Bundesliga,https://cdn.sofifa.net/meta/team/366/30.png,76,73,66,76,70,67,73,0,0,0,0,0,0
algeria_anis_hadj_moussa,Vitesse,Eredivisie,https://cdn.sofifa.net/meta/team/94/30.png,66,75,48,58,77,32,48,0,0,0,0,0,0
algeria_nadhir_benbouali,Sporting Charleroi,Pro League,https://cdn.sofifa.net/meta/team/1087/30.png,65,64,64,51,55,31,68,0,0,0,0,0,0
algeria_jaouen_hadjam,Young Boys,Super League,https://cdn.sofifa.net/meta/team/647/30.png,67,75,53,58,68,62,70,0,0,0,0,0,0
algeria_hicham_boudaoui,Nice,Ligue 1,https://cdn.sofifa.net/meta/team/450/30.png,76,75,64,74,78,74,77,0,0,0,0,0,0
algeria_rayan_ait_nouri,Wolverhampton Wanderers,Premier League,https://cdn.sofifa.net/meta/team/29/30.png,78,85,55,71,81,71,72,0,0,0,0,0,0
algeria_oussama_benbot,,,,71,0,0,0,0,0,0,70,68,75,73,71,69
algeria_rafik_belghali,Mechelen,Pro League,https://cdn.sofifa.net/meta/team/2938/30.png,64,82,59,60,65,58,61,0,0,0,0,0,0
algeria_mohamed_amoura,Union Saint-Gilloise,Pro League,https://cdn.sofifa.net/meta/team/3958/30.png,73,94,74,62,82,52,61,0,0,0,0,0,0
algeria_nabil_bentaleb,LOSC Lille,Ligue 1,https://cdn.sofifa.net/meta/team/690/30.png,78,54,72,76,76,68,74,0,0,0,0,0,0
algeria_adil_boulbina,,,,76,78,76,74,72,79,77,0,0,0,0,0,0
algeria_ramy_bensebaini,Borussia Dortmund,Bundesliga,https://cdn.sofifa.net/meta/team/68/30.png,78,76,66,69,72,79,79,0,0,0,0,0,0
algeria_ibrahim_maza,Hertha BSC,2. Bundesliga,https://cdn.sofifa.net/meta/team/3317/30.png,64,71,58,59,74,38,54,0,0,0,0,0,0
algeria_luca_zidane,SD Eibar,La Liga 2,https://cdn.sofifa.net/meta/team/60/30.png,70,0,0,0,0,0,0,72,67,66,70,40,71
algeria_yacine_titraoui,,,,71,67,74,72,70,68,75,0,0,0,0,0,0
algeria_fares_ghedjemis,Frosinone,Serie A,https://cdn.sofifa.net/meta/team/4070/30.png,59,66,61,52,64,33,39,0,0,0,0,0,0
algeria_samir_chergui,Paris,Ligue 2,https://cdn.sofifa.net/meta/team/4508/30.png,67,52,43,59,66,67,62,0,0,0,0,0,0
jordan_yazeed_abulaila,,,,76,0,0,0,0,0,0,75,73,80,78,76,74
jordan_mohammad_abu_hashish,,,,71,73,71,69,67,74,72,0,0,0,0,0,0
jordan_abdallah_nasib,,,,76,72,79,77,75,73,80,0,0,0,0,0,0
jordan_husam_abu_dahab,,,,76,75,73,80,78,76,74,0,0,0,0,0,0
jordan_yazan_al_arab,,,,76,78,76,74,72,79,77,0,0,0,0,0,0
jordan_amer_jamous,,,,71,67,74,72,70,68,75,0,0,0,0,0,0
jordan_mohammad_abu_zrayq,,,,76,75,73,80,78,76,74,0,0,0,0,0,0
jordan_noor_al_rawabdeh,,,,82,84,82,80,78,85,83,0,0,0,0,0,0
jordan_ali_olwan,,,,82,78,85,83,81,79,86,0,0,0,0,0,0
jordan_musa_al_taamari,,,,82,81,79,86,84,82,80,0,0,0,0,0,0
jordan_odeh_al_fakhouri,,,,82,84,82,80,78,85,83,0,0,0,0,0,0
jordan_nour_bani_attiah,Al Wahda,Pro League,,60,0,0,0,0,0,0,66,55,57,65,48,57
jordan_mahmoud_al_mardi,,,,76,75,73,80,78,76,74,0,0,0,0,0,0
jordan_rajaei_ayed,,,,71,73,71,69,67,74,72,0,0,0,0,0,0
jordan_ibrahim_sadeh,,,,71,67,74,72,70,68,75,0,0,0,0,0,0
jordan_mo_abualnadi,,,,71,70,68,75,73,71,69,0,0,0,0,0,0
jordan_salim_obaid,Damac,Pro League,,60,68,56,63,66,54,59,0,0,0,0,0,0
jordan_ibrahim_sabra,,,,76,72,79,77,75,73,80,0,0,0,0,0,0
jordan_saed_al_rosan,,,,71,70,68,75,73,71,69,0,0,0,0,0,0
jordan_mohannad_abu_taha,FC Twente,Eredivisie,,67,78,65,63,73,41,53,0,0,0,0,0,0
jordan_nizar_al_rashdan,,,,71,67,74,72,70,68,75,0,0,0,0,0,0
jordan_abdallah_al_fakhouri,,,,71,0,0,0,0,0,0,70,68,75,73,71,69
jordan_ihsan_haddad,,,,71,73,71,69,67,74,72,0,0,0,0,0,0
jordan_ali_azaizeh,,,,76,72,79,77,75,73,80,0,0,0,0,0,0
jordan_mohammad_al_dawoud,,,,71,70,68,75,73,71,69,0,0,0,0,0,0
jordan_anas_badawi,,,,71,73,71,69,67,74,72,0,0,0,0,0,0
portugal_diogo_costa,Porto,Primeira Liga,https://cdn.sofifa.net/meta/team/652/30.png,83,0,0,0,0,0,0,82,77,80,86,36,82
portugal_nelson_semedo,Wolverhampton Wanderers,Premier League,https://cdn.sofifa.net/meta/team/29/30.png,79,83,59,68,78,71,76,0,0,0,0,0,0
portugal_ruben_dias,Manchester City,Premier League,https://cdn.sofifa.net/meta/team/9/30.png,89,62,40,62,64,89,86,0,0,0,0,0,0
portugal_tomas_araujo,Benfica,Primeira Liga,https://cdn.sofifa.net/meta/team/605/30.png,73,78,30,60,63,71,80,0,0,0,0,0,0
portugal_diogo_dalot,Manchester United,Premier League,https://cdn.sofifa.net/meta/team/14/30.png,81,82,65,78,77,78,81,0,0,0,0,0,0
portugal_matheus_nunes,Manchester City,Premier League,https://cdn.sofifa.net/meta/team/9/30.png,79,83,71,74,80,69,77,0,0,0,0,0,0
portugal_cristiano_ronaldo,Al Nassr,Pro League,https://cdn.sofifa.net/meta/team/2506/30.png,86,77,87,77,75,42,78,0,0,0,0,0,0
portugal_bruno_fernandes,Manchester United,Premier League,https://cdn.sofifa.net/meta/team/14/30.png,87,71,85,88,80,65,78,0,0,0,0,0,0
portugal_goncalo_ramos,Paris Saint Germain,Ligue 1,https://cdn.sofifa.net/meta/team/591/30.png,79,78,78,64,77,51,83,0,0,0,0,0,0
portugal_bernardo_silva,Manchester City,Premier League,https://cdn.sofifa.net/meta/team/9/30.png,88,73,80,86,93,65,73,0,0,0,0,0,0
portugal_joao_felix,FC Barcelona,La Liga,https://cdn.sofifa.net/meta/team/83/30.png,81,81,81,79,86,44,71,0,0,0,0,0,0
portugal_jose_sa,Wolverhampton Wanderers,Premier League,https://cdn.sofifa.net/meta/team/29/30.png,79,0,0,0,0,0,0,80,75,70,81,53,78
portugal_renato_veiga,Basel,Super League,https://cdn.sofifa.net/meta/team/468/30.png,70,73,57,61,67,65,70,0,0,0,0,0,0
portugal_goncalo_inacio,Sporting CP,Primeira Liga,https://cdn.sofifa.net/meta/team/58/30.png,80,80,47,60,68,82,80,0,0,0,0,0,0
portugal_joao_neves,Al Hilal,Pro League,https://cdn.sofifa.net/meta/team/7011/30.png,84,57,76,86,73,73,73,0,0,0,0,0,0
portugal_francisco_trincao,Sporting CP,Primeira Liga,https://cdn.sofifa.net/meta/team/58/30.png,78,77,76,73,79,43,62,0,0,0,0,0,0
portugal_rafael_leao,Milan,Serie A,https://cdn.sofifa.net/meta/team/113/30.png,86,94,78,80,87,35,78,0,0,0,0,0,0
portugal_pedro_neto,Wolverhampton Wanderers,Premier League,https://cdn.sofifa.net/meta/team/29/30.png,79,88,74,71,84,30,65,0,0,0,0,0,0
portugal_goncalo_guedes,Villarreal,La Liga,https://cdn.sofifa.net/meta/team/3477/30.png,77,83,79,72,80,40,68,0,0,0,0,0,0
portugal_joao_cancelo,FC Barcelona,La Liga,https://cdn.sofifa.net/meta/team/83/30.png,86,82,74,85,82,78,77,0,0,0,0,0,0
portugal_ruben_neves,Al Hilal,Pro League,https://cdn.sofifa.net/meta/team/7011/30.png,84,57,76,86,73,73,73,0,0,0,0,0,0
portugal_rui_silva,Real Betis,La Liga,https://cdn.sofifa.net/meta/team/485/30.png,81,0,0,0,0,0,0,82,76,77,84,31,81
portugal_vitinha,Paris Saint Germain,Ligue 1,https://cdn.sofifa.net/meta/team/591/30.png,83,72,75,80,88,65,70,0,0,0,0,0,0
portugal_samu_costa,Mallorca,La Liga,https://cdn.sofifa.net/meta/team/645/30.png,74,62,63,64,67,67,73,0,0,0,0,0,0
portugal_nuno_mendes,Paris Saint Germain,Ligue 1,https://cdn.sofifa.net/meta/team/591/30.png,82,89,64,75,81,76,78,0,0,0,0,0,0
portugal_francisco_conceicao,Porto,Primeira Liga,https://cdn.sofifa.net/meta/team/652/30.png,77,83,67,70,86,37,53,0,0,0,0,0,0
colombia_david_ospina,Atlético Nacional,Categoría Primera A,https://cdn.sofifa.net/meta/team/6597/30.png,79,0,0,0,0,0,0,81,75,79,82,53,80
colombia_daniel_munoz,Crystal Palace,Premier League,https://cdn.sofifa.net/meta/team/51/30.png,79,84,67,71,76,76,84,0,0,0,0,0,0
colombia_jhon_lucumi,Bologna,Serie A,https://cdn.sofifa.net/meta/team/8513/30.png,75,68,29,56,63,75,78,0,0,0,0,0,0
colombia_santiago_arias,Millonarios,Categoría Primera A,,70,75,47,61,62,67,78,0,0,0,0,0,0
colombia_kevin_castano,,,,71,73,71,69,67,74,72,0,0,0,0,0,0
colombia_richard_rios,Sportivo Luqueño,Primera División,,67,65,60,63,66,57,59,0,0,0,0,0,0
colombia_luis_diaz,Liverpool,Premier League,https://cdn.sofifa.net/meta/team/8/30.png,84,91,80,76,85,44,77,0,0,0,0,0,0
colombia_jorge_carrascal,Cerro Porteño,Primera División,,68,66,57,67,65,59,70,0,0,0,0,0,0
colombia_jhon_cordoba,Fortuna Sittard,Eredivisie,,72,80,68,68,76,62,71,0,0,0,0,0,0
colombia_james_rodriguez,Mallorca,La Liga,,78,84,70,74,72,62,70,0,0,0,0,0,0
colombia_jhon_arias,Atlético Nacional,Categoría Primera A,https://cdn.sofifa.net/meta/team/6597/30.png,69,63,44,58,67,66,72,0,0,0,0,0,0
colombia_camilo_vargas,Deportivo Garcilaso,Primera Division,,66,0,0,0,0,0,0,62,69,64,65,44,66
colombia_yerry_mina,Cagliari,Serie A,https://cdn.sofifa.net/meta/team/585/30.png,76,39,48,53,46,78,75,0,0,0,0,0,0
colombia_gustavo_puerta,Bayer 04 Leverkusen,Bundesliga,https://cdn.sofifa.net/meta/team/3321/30.png,65,65,56,60,66,56,60,0,0,0,0,0,0
colombia_juan_portilla,Talleres Córdoba,Liga Profesional de Fútbol,https://cdn.sofifa.net/meta/team/9999/30.png,72,69,65,62,66,61,70,0,0,0,0,0,0
colombia_jefferson_lerma,Crystal Palace,Premier League,https://cdn.sofifa.net/meta/team/51/30.png,78,73,71,69,74,75,82,0,0,0,0,0,0
colombia_johan_mojica,Osasuna,La Liga,https://cdn.sofifa.net/meta/team/459/30.png,77,88,63,73,69,70,71,0,0,0,0,0,0
colombia_willer_ditta,,,,71,67,74,72,70,68,75,0,0,0,0,0,0
colombia_cucho_hernandez,Columbus Crew,Major League Soccer,https://cdn.sofifa.net/meta/team/577/30.png,78,83,75,72,79,50,80,0,0,0,0,0,0
colombia_juan_fernando_quintero,Racing Club,Liga Profesional de Fútbol,https://cdn.sofifa.net/meta/team/3608/30.png,77,64,77,80,84,40,56,0,0,0,0,0,0
colombia_jaminton_campaz,Rosario Central,Liga Profesional de Fútbol,https://cdn.sofifa.net/meta/team/3365/30.png,76,85,70,72,79,32,55,0,0,0,0,0,0
colombia_deiver_machado,Lens,Ligue 1,https://cdn.sofifa.net/meta/team/271/30.png,76,84,69,69,77,70,77,0,0,0,0,0,0
colombia_davinson_sanchez,Galatasaray,Süper Lig,https://cdn.sofifa.net/meta/team/34/30.png,78,72,44,50,62,78,79,0,0,0,0,0,0
colombia_alvaro_montero,Millonarios,Categoría Primera A,https://cdn.sofifa.net/meta/team/7810/30.png,76,0,0,0,0,0,0,75,74,69,76,43,79
colombia_luis_suarez,Inter Miami,Major League Soccer,https://cdn.sofifa.net/meta/team/239235/30.png,84,65,87,78,74,48,75,0,0,0,0,0,0
colombia_andres_gomez,Real Salt Lake,Major League Soccer,https://cdn.sofifa.net/meta/team/1062/30.png,70,79,63,62,72,33,56,0,0,0,0,0,0
uzbekistan_utkir_yusupov,,,,76,0,0,0,0,0,0,75,73,80,78,76,74
uzbekistan_abdukodir_khusanov,Lens,Ligue 1,https://cdn.sofifa.net/meta/team/271/30.png,70,71,40,51,54,69,70,0,0,0,0,0,0
uzbekistan_khojiakbar_alijonov,,,,76,72,79,77,75,73,80,0,0,0,0,0,0
uzbekistan_farrukh_sayfiev,,,,76,75,73,80,78,76,74,0,0,0,0,0,0
uzbekistan_rustam_ashurmatov,,,,76,78,76,74,72,79,77,0,0,0,0,0,0
uzbekistan_akmal_mozgovoy,,,,71,67,74,72,70,68,75,0,0,0,0,0,0
uzbekistan_otabek_shukurov,Kayserispor,Süper Lig,https://cdn.sofifa.net/meta/team/643/30.png,69,70,65,67,68,65,74,0,0,0,0,0,0
uzbekistan_jamshid_iskanderov,,,,82,84,82,80,78,85,83,0,0,0,0,0,0
uzbekistan_odiljon_hamrobekov,,,,71,67,74,72,70,68,75,0,0,0,0,0,0
uzbekistan_jaloliddin_masharipov,,,,82,81,79,86,84,82,80,0,0,0,0,0,0
uzbekistan_oston_urunov,,,,71,73,71,69,67,74,72,0,0,0,0,0,0
uzbekistan_abduvohid_nematov,,,,76,0,0,0,0,0,0,72,79,77,75,73,80
uzbekistan_sherzod_nasrullaev,,,,71,70,68,75,73,71,69,0,0,0,0,0,0
uzbekistan_eldor_shomurodov,Cagliari,Serie A,https://cdn.sofifa.net/meta/team/585/30.png,72,79,71,64,74,44,71,0,0,0,0,0,0
uzbekistan_umar_eshmurodov,,,,71,67,74,72,70,68,75,0,0,0,0,0,0
uzbekistan_botirali_ergashev,,,,71,0,0,0,0,0,0,70,68,75,73,71,69
uzbekistan_dostonbek_khamdamov,,,,71,73,71,69,67,74,72,0,0,0,0,0,0
uzbekistan_abdulla_abdullaev,,,,71,67,74,72,70,68,75,0,0,0,0,0,0
uzbekistan_azizjon_ganiev,,,,71,70,68,75,73,71,69,0,0,0,0,0,0
uzbekistan_azizbek_amonov,,,,76,78,76,74,72,79,77,0,0,0,0,0,0
uzbekistan_igor_sergeev,,,,76,72,79,77,75,73,80,0,0,0,0,0,0
uzbekistan_abbosbek_fayzullaev,,,,71,70,68,75,73,71,69,0,0,0,0,0,0
uzbekistan_sherzod_esanov,,,,71,73,71,69,67,74,72,0,0,0,0,0,0
uzbekistan_bekhruz_karimov,,,,71,67,74,72,70,68,75,0,0,0,0,0,0
uzbekistan_avazbek_ulmasaliev,,,,71,70,68,75,73,71,69,0,0,0,0,0,0
uzbekistan_jakhongir_urozov,,,,71,73,71,69,67,74,72,0,0,0,0,0,0
dr_congo_lionel_mpasi,Rodez,Ligue 2,https://cdn.sofifa.net/meta/team/9291/30.png,69,0,0,0,0,0,0,70,68,67,67,46,66
dr_congo_aaron_wan_bissaka,Manchester United,Premier League,https://cdn.sofifa.net/meta/team/14/30.png,80,83,54,68,75,74,71,0,0,0,0,0,0
dr_congo_steve_kapuadi,Legia Warszawa,Ekstraklasa,https://cdn.sofifa.net/meta/team/349/30.png,66,60,24,36,38,65,73,0,0,0,0,0,0
dr_congo_axel_tuanzebe,Ipswich Town,Championship,https://cdn.sofifa.net/meta/team/116/30.png,73,80,41,60,67,72,71,0,0,0,0,0,0
dr_congo_dylan_batubinsika,Saint-Étienne,Ligue 2,https://cdn.sofifa.net/meta/team/108/30.png,70,69,28,46,54,69,78,0,0,0,0,0,0
dr_congo_ngal_ayel_mukau,Mechelen,Pro League,https://cdn.sofifa.net/meta/team/2938/30.png,66,65,41,52,66,65,66,0,0,0,0,0,0
dr_congo_nathanael_mbuku,Saint-Étienne,Ligue 2,https://cdn.sofifa.net/meta/team/108/30.png,71,78,65,68,80,38,56,0,0,0,0,0,0
dr_congo_samuel_moutoussamy,Nantes,Ligue 1,https://cdn.sofifa.net/meta/team/59/30.png,71,69,60,67,76,65,72,0,0,0,0,0,0
dr_congo_brian_cipenga,,,,82,78,85,83,81,79,86,0,0,0,0,0,0
dr_congo_theo_bongonda,,,,82,81,79,86,84,82,80,0,0,0,0,0,0
dr_congo_gael_kakuta,Amiens SC,Ligue 2,https://cdn.sofifa.net/meta/team/840/30.png,74,71,72,72,80,41,62,0,0,0,0,0,0
dr_congo_joris_kayembe,Genk,Pro League,https://cdn.sofifa.net/meta/team/2709/30.png,72,79,62,68,72,65,73,0,0,0,0,0,0
dr_congo_meschak_elia,Young Boys,Super League,,73,93,71,65,82,31,71,0,0,0,0,0,0
dr_congo_noah_sadiki,Union Saint-Gilloise,Pro League,https://cdn.sofifa.net/meta/team/3958/30.png,65,74,38,54,70,62,69,0,0,0,0,0,0
dr_congo_aaron_tshibola,,,,71,67,74,72,70,68,75,0,0,0,0,0,0
dr_congo_timothy_fayulu,,,,71,0,0,0,0,0,0,70,68,75,73,71,69
dr_congo_cedric_bakambu,Real Betis,La Liga,https://cdn.sofifa.net/meta/team/485/30.png,75,81,75,65,72,39,64,0,0,0,0,0,0
dr_congo_charles_pickel,Cremonese,Serie B,https://cdn.sofifa.net/meta/team/10722/30.png,70,65,59,64,67,64,78,0,0,0,0,0,0
dr_congo_fiston_mayele,,,,76,75,73,80,78,76,74,0,0,0,0,0,0
dr_congo_yoane_wissa,Brentford,Premier League,https://cdn.sofifa.net/meta/team/236/30.png,77,85,77,66,78,33,73,0,0,0,0,0,0
dr_congo_matthieu_epolo,Standard Liège,Pro League,https://cdn.sofifa.net/meta/team/700/30.png,63,0,0,0,0,0,0,65,65,59,65,32,57
dr_congo_chancel_mbemba,Olympique de Marseille,Ligue 1,https://cdn.sofifa.net/meta/team/44/30.png,79,73,55,62,66,80,82,0,0,0,0,0,0
dr_congo_simon_banza,Sporting Braga,Primeira Liga,https://cdn.sofifa.net/meta/team/884/30.png,80,75,79,54,74,42,78,0,0,0,0,0,0
dr_congo_gedeon_kalulu,Lorient,Ligue 1,https://cdn.sofifa.net/meta/team/9257/30.png,73,81,39,56,73,73,78,0,0,0,0,0,0
dr_congo_edo_kayembe,Watford,Championship,https://cdn.sofifa.net/meta/team/25/30.png,71,72,62,65,67,65,77,0,0,0,0,0,0
dr_congo_arthur_masuaku,,,,71,73,71,69,67,74,72,0,0,0,0,0,0
england_jordan_pickford,Everton,Premier League,https://cdn.sofifa.net/meta/team/13/30.png,82,0,0,0,0,0,0,83,77,87,87,50,80
england_ezri_konsa,Aston Villa,Premier League,https://cdn.sofifa.net/meta/team/15/30.png,80,78,42,67,72,81,80,0,0,0,0,0,0
england_nico_o_reilly,Manchester City,Premier League,https://cdn.sofifa.net/meta/team/9/30.png,61,69,56,58,64,45,57,0,0,0,0,0,0
england_declan_rice,Arsenal,Premier League,https://cdn.sofifa.net/meta/team/19/30.png,87,73,66,81,72,82,85,0,0,0,0,0,0
england_john_stones,Manchester City,Premier League,https://cdn.sofifa.net/meta/team/9/30.png,85,73,51,72,72,85,79,0,0,0,0,0,0
england_marc_guehi,Crystal Palace,Premier League,https://cdn.sofifa.net/meta/team/51/30.png,78,74,37,57,69,79,77,0,0,0,0,0,0
england_bukayo_saka,Arsenal,Premier League,https://cdn.sofifa.net/meta/team/19/30.png,86,85,81,81,88,57,72,0,0,0,0,0,0
england_elliot_anderson,Newcastle United,Premier League,https://cdn.sofifa.net/meta/team/20/30.png,74,74,66,70,80,67,78,0,0,0,0,0,0
england_harry_kane,FC Bayern München,Bundesliga,https://cdn.sofifa.net/meta/team/503/30.png,90,69,92,85,77,55,83,0,0,0,0,0,0
england_jude_bellingham,Real Madrid,La Liga,https://cdn.sofifa.net/meta/team/3468/30.png,88,81,82,80,84,76,84,0,0,0,0,0,0
england_marcus_rashford,Manchester United,Premier League,https://cdn.sofifa.net/meta/team/14/30.png,82,90,81,76,79,39,68,0,0,0,0,0,0
england_tino_livramento,Newcastle United,Premier League,https://cdn.sofifa.net/meta/team/20/30.png,77,81,53,68,78,70,73,0,0,0,0,0,0
england_dean_henderson,Crystal Palace,Premier League,https://cdn.sofifa.net/meta/team/51/30.png,79,0,0,0,0,0,0,80,76,78,81,56,75
england_jordan_henderson,Ajax,Eredivisie,https://cdn.sofifa.net/meta/team/629/30.png,81,63,74,81,72,74,78,0,0,0,0,0,0
england_dan_burn,Newcastle United,Premier League,https://cdn.sofifa.net/meta/team/20/30.png,78,50,39,64,50,78,81,0,0,0,0,0,0
england_kobbie_mainoo,Manchester United,Premier League,https://cdn.sofifa.net/meta/team/14/30.png,72,75,59,68,79,67,71,0,0,0,0,0,0
england_morgan_rogers,Aston Villa,Premier League,https://cdn.sofifa.net/meta/team/15/30.png,69,77,64,63,70,49,68,0,0,0,0,0,0
england_anthony_gordon,Newcastle United,Premier League,https://cdn.sofifa.net/meta/team/20/30.png,80,91,73,75,76,49,71,0,0,0,0,0,0
england_ollie_watkins,Aston Villa,Premier League,https://cdn.sofifa.net/meta/team/15/30.png,83,85,81,72,78,53,84,0,0,0,0,0,0
england_noni_madueke,Chelsea,Premier League,https://cdn.sofifa.net/meta/team/18/30.png,77,90,71,71,83,36,65,0,0,0,0,0,0
england_eberechi_eze,Crystal Palace,Premier League,https://cdn.sofifa.net/meta/team/51/30.png,80,78,75,77,82,47,67,0,0,0,0,0,0
england_ivan_toney,Brentford,Premier League,https://cdn.sofifa.net/meta/team/236/30.png,80,79,80,70,75,55,83,0,0,0,0,0,0
england_james_trafford,Burnley,Premier League,https://cdn.sofifa.net/meta/team/27/30.png,71,0,0,0,0,0,0,70,69,69,73,25,70
england_reece_james,Chelsea,Premier League,https://cdn.sofifa.net/meta/team/18/30.png,83,78,73,83,82,81,79,0,0,0,0,0,0
england_djed_spence,Genoa,Serie A,https://cdn.sofifa.net/meta/team/102/30.png,73,88,44,60,74,63,63,0,0,0,0,0,0
england_jarell_quansah,Liverpool,Premier League,https://cdn.sofifa.net/meta/team/8/30.png,72,72,35,53,62,72,76,0,0,0,0,0,0
croatia_dominik_livakovic,Fenerbahçe,Süper Lig,https://cdn.sofifa.net/meta/team/88/30.png,82,0,0,0,0,0,0,80,76,71,89,56,80
croatia_josip_stanisic,Bayer 04 Leverkusen,Bundesliga,https://cdn.sofifa.net/meta/team/3321/30.png,77,74,40,66,68,78,75,0,0,0,0,0,0
croatia_marin_pongracic,Lecce,Serie A,https://cdn.sofifa.net/meta/team/7790/30.png,76,66,27,49,60,76,77,0,0,0,0,0,0
croatia_josko_gvardiol,Manchester City,Premier League,https://cdn.sofifa.net/meta/team/9/30.png,82,81,65,72,76,82,85,0,0,0,0,0,0
croatia_duje_caleta_car,Olympique Lyonnais,Ligue 1,https://cdn.sofifa.net/meta/team/79/30.png,75,59,42,52,53,75,77,0,0,0,0,0,0
croatia_josip_sutalo,Ajax,Eredivisie,https://cdn.sofifa.net/meta/team/629/30.png,78,82,32,57,65,77,78,0,0,0,0,0,0
croatia_nikola_moro,Bologna,Serie A,https://cdn.sofifa.net/meta/team/8513/30.png,74,71,70,71,70,69,77,0,0,0,0,0,0
croatia_mateo_kovacic,Manchester City,Premier League,https://cdn.sofifa.net/meta/team/9/30.png,82,70,73,81,86,65,70,0,0,0,0,0,0
croatia_andrej_kramaric,TSG Hoffenheim,Bundesliga,https://cdn.sofifa.net/meta/team/2726/30.png,81,72,80,76,83,38,75,0,0,0,0,0,0
croatia_luka_modric,Real Madrid,La Liga,https://cdn.sofifa.net/meta/team/3468/30.png,86,73,77,88,90,68,66,0,0,0,0,0,0
croatia_ante_budimir,Osasuna,La Liga,https://cdn.sofifa.net/meta/team/459/30.png,77,59,77,48,62,44,77,0,0,0,0,0,0
croatia_ivor_pandur,Hull City,Championship,https://cdn.sofifa.net/meta/team/22/30.png,72,0,0,0,0,0,0,71,69,62,77,39,69
croatia_nikola_vlasic,Torino,Serie A,https://cdn.sofifa.net/meta/team/613/30.png,79,78,76,75,83,55,75,0,0,0,0,0,0
croatia_ivan_perisic,Hajduk Split,Hrvatska nogometna liga,https://cdn.sofifa.net/meta/team/906/30.png,77,71,78,79,74,71,75,0,0,0,0,0,0
croatia_mario_pasalic,Atalanta,Serie A,https://cdn.sofifa.net/meta/team/708/30.png,80,73,78,75,74,66,78,0,0,0,0,0,0
croatia_martin_baturina,Dinamo Zagreb,Hrvatska nogometna liga,https://cdn.sofifa.net/meta/team/674/30.png,75,75,69,75,82,57,67,0,0,0,0,0,0
croatia_petar_sucic,Salzburg,Bundesliga,https://cdn.sofifa.net/meta/team/49/30.png,74,76,73,74,73,47,66,0,0,0,0,0,0
croatia_kristijan_jakic,FC Augsburg,Bundesliga,https://cdn.sofifa.net/meta/team/90/30.png,74,69,63,60,69,72,81,0,0,0,0,0,0
croatia_toni_fruk,,,,71,70,68,75,73,71,69,0,0,0,0,0,0
croatia_igor_matanovic,Karlsruher SC,2. Bundesliga,https://cdn.sofifa.net/meta/team/3114/30.png,69,66,64,50,59,39,71,0,0,0,0,0,0
croatia_luka_sucic,Salzburg,Bundesliga,https://cdn.sofifa.net/meta/team/49/30.png,74,76,73,74,73,47,66,0,0,0,0,0,0
croatia_luka_vuskovic,Radomiak Radom,Ekstraklasa,https://cdn.sofifa.net/meta/team/3191/30.png,62,61,53,47,52,61,74,0,0,0,0,0,0
croatia_dominik_kotarski,PAOK,Super League,https://cdn.sofifa.net/meta/team/649/30.png,75,0,0,0,0,0,0,77,70,76,78,40,73
croatia_marco_pasalic,Atalanta,Serie A,https://cdn.sofifa.net/meta/team/708/30.png,80,73,78,75,74,66,78,0,0,0,0,0,0
croatia_martin_erlic,Sassuolo,Serie A,https://cdn.sofifa.net/meta/team/2714/30.png,75,62,34,45,49,76,75,0,0,0,0,0,0
croatia_petar_musa,Dallas,Major League Soccer,https://cdn.sofifa.net/meta/team/583/30.png,76,82,74,61,68,45,80,0,0,0,0,0,0
panama_luis_mejia,Nacional,Primera División,https://cdn.sofifa.net/meta/team/828/30.png,70,0,0,0,0,0,0,69,72,68,72,52,65
panama_cesar_blackman,,,,71,73,71,69,67,74,72,0,0,0,0,0,0
panama_jose_cordoba,Fortuna Sittard,Eredivisie,,72,80,68,68,76,62,71,0,0,0,0,0,0
panama_fidel_escobar,Houston Dynamo,Major League Soccer,,68,71,45,55,68,67,68,0,0,0,0,0,0
panama_edgardo_farina,Cerro Porteño,Primera División,,63,66,52,61,66,35,42,0,0,0,0,0,0
panama_cristian_martinez,Sportivo Trinidense,Primera División,https://cdn.sofifa.net/meta/team/11013/30.png,55,64,44,55,56,46,60,0,0,0,0,0,0
panama_jose_luis_rodriguez,Famalicão,Primeira Liga,https://cdn.sofifa.net/meta/team/3161/30.png,68,83,64,61,77,30,62,0,0,0,0,0,0
panama_adalberto_carrasquilla,Houston Dynamo,Major League Soccer,https://cdn.sofifa.net/meta/team/478/30.png,71,74,63,65,81,57,70,0,0,0,0,0,0
panama_tomas_rodriguez,Mallorca,La Liga,,78,84,70,74,72,62,70,0,0,0,0,0,0
panama_ismael_diaz,Universidad Católica,Liga Pro,https://cdn.sofifa.net/meta/team/15327/30.png,74,88,68,61,74,36,76,0,0,0,0,0,0
panama_yoel_barcenas,,,,71,73,71,69,67,74,72,0,0,0,0,0,0
panama_cesar_samudio,Sportivo Trinidense,Primera División,,67,0,0,0,0,0,0,64,65,61,67,29,69
panama_jiovany_ramos,Alianza Lima,Primera Division,https://cdn.sofifa.net/meta/team/10671/30.png,68,57,36,53,56,69,73,0,0,0,0,0,0
panama_carlos_harvey,Minnesota United,Major League Soccer,https://cdn.sofifa.net/meta/team/3639/30.png,56,53,42,49,59,51,59,0,0,0,0,0,0
panama_eric_davis,Ipswich Town,Championship,,74,80,51,74,73,66,73,0,0,0,0,0,0
panama_andres_andrade,LASK Linz,Bundesliga,https://cdn.sofifa.net/meta/team/3369/30.png,70,74,52,58,62,68,76,0,0,0,0,0,0
panama_jose_fajardo,Universidad Católica,Liga Pro,https://cdn.sofifa.net/meta/team/15327/30.png,70,67,69,57,67,40,69,0,0,0,0,0,0
panama_cecilio_waterman,Alianza Lima,Primera Division,https://cdn.sofifa.net/meta/team/10671/30.png,72,77,72,50,63,48,73,0,0,0,0,0,0
panama_alberto_quintero,Racing Club,Liga Profesional de Fútbol,,77,64,77,80,84,40,56,0,0,0,0,0,0
panama_anibal_godoy,Nashville SC,Major League Soccer,https://cdn.sofifa.net/meta/team/148048/30.png,70,43,53,62,64,61,73,0,0,0,0,0,0
panama_cesar_yanis,,,,71,67,74,72,70,68,75,0,0,0,0,0,0
panama_orlando_mosquera,Alianza,Categoría Primera A,,66,0,0,0,0,0,0,60,69,67,67,14,63
panama_michael_amir_murillo,Olympique de Marseille,Ligue 1,https://cdn.sofifa.net/meta/team/44/30.png,73,82,56,67,71,69,75,0,0,0,0,0,0
panama_azarias_londono,Independiente Medellín,Categoría Primera A,,70,70,45,59,63,66,75,0,0,0,0,0,0
panama_roderick_miller,Portland Timbers,Major League Soccer,,71,76,50,58,59,69,80,0,0,0,0,0,0
panama_jorge_gutierrez,Deportivo La Guaira,Primera Division,https://cdn.sofifa.net/meta/team/8339/30.png,67,72,29,50,63,63,55,0,0,0,0,0,0
ghana_lawrence_ati_zigi,St. Gallen,Super League,https://cdn.sofifa.net/meta/team/362/30.png,74,0,0,0,0,0,0,75,69,65,77,39,74
ghana_alidu_seidu,Rennes,Ligue 1,https://cdn.sofifa.net/meta/team/598/30.png,73,60,40,59,67,74,68,0,0,0,0,0,0
ghana_caleb_yirenkyi,,,,71,67,74,72,70,68,75,0,0,0,0,0,0
ghana_jonas_adjetey,,,,76,75,73,80,78,76,74,0,0,0,0,0,0
ghana_thomas_partey,Arsenal,Premier League,https://cdn.sofifa.net/meta/team/19/30.png,84,67,71,79,70,78,81,0,0,0,0,0,0
ghana_abdul_mumin,Rayo Vallecano,La Liga,https://cdn.sofifa.net/meta/team/377/30.png,70,77,37,58,64,68,75,0,0,0,0,0,0
ghana_abdul_fatawu,Leicester City,Championship,https://cdn.sofifa.net/meta/team/42/30.png,75,85,73,72,81,45,66,0,0,0,0,0,0
ghana_kwasi_sibo,Amorebieta,La Liga 2,https://cdn.sofifa.net/meta/team/2055/30.png,66,67,53,55,60,64,76,0,0,0,0,0,0
ghana_jordan_ayew,Crystal Palace,Premier League,https://cdn.sofifa.net/meta/team/51/30.png,75,74,72,69,78,59,76,0,0,0,0,0,0
ghana_brandon_thomas_asante,West Bromwich Albion,Championship,https://cdn.sofifa.net/meta/team/10/30.png,70,91,66,56,76,36,73,0,0,0,0,0,0
ghana_antoine_semenyo,AFC Bournemouth,Premier League,https://cdn.sofifa.net/meta/team/52/30.png,74,84,69,66,74,36,73,0,0,0,0,0,0
ghana_joseph_anang,St Patrick's,Premier Division,https://cdn.sofifa.net/meta/team/1260/30.png,64,0,0,0,0,0,0,64,62,63,63,33,64
ghana_christopher_bonsu_baah,Genk,Pro League,https://cdn.sofifa.net/meta/team/2709/30.png,69,86,64,59,80,28,57,0,0,0,0,0,0
ghana_gideon_mensah,Auxerre,Ligue 2,https://cdn.sofifa.net/meta/team/3682/30.png,70,76,59,63,73,65,71,0,0,0,0,0,0
ghana_elisha_owusu,Auxerre,Ligue 2,https://cdn.sofifa.net/meta/team/3682/30.png,67,62,53,61,67,62,66,0,0,0,0,0,0
ghana_benjamin_asare,,,,71,0,0,0,0,0,0,70,68,75,73,71,69
ghana_abdul_rahman_baba,Almería,La Liga,https://cdn.sofifa.net/meta/team/618/30.png,73,62,61,63,63,69,75,0,0,0,0,0,0
ghana_jerome_opoku,Amiens SC,Ligue 2,https://cdn.sofifa.net/meta/team/840/30.png,66,62,39,41,50,66,77,0,0,0,0,0,0
ghana_inaki_williams,Athletic Club,La Liga,https://cdn.sofifa.net/meta/team/13258/30.png,82,94,81,73,76,52,86,0,0,0,0,0,0
ghana_augustine_boakye,Wolfsberger AC,Bundesliga,https://cdn.sofifa.net/meta/team/3787/30.png,66,84,57,58,76,30,51,0,0,0,0,0,0
ghana_kojo_peprah_oppong,,,,71,67,74,72,70,68,75,0,0,0,0,0,0
ghana_kamaldeen_sulemana,Southampton,Championship,https://cdn.sofifa.net/meta/team/65/30.png,72,93,65,66,82,31,61,0,0,0,0,0,0
ghana_derrick_luckassen,UTA Arad,Liga I,,65,66,64,41,65,36,71,0,0,0,0,0,0
ghana_ernest_nuamah,Olympique Lyonnais,Ligue 1,https://cdn.sofifa.net/meta/team/79/30.png,74,85,66,63,83,28,60,0,0,0,0,0,0
ghana_prince_kwabena_adu,Borussia Dortmund II,3. Liga,https://cdn.sofifa.net/meta/team/3655/30.png,62,83,40,53,78,48,56,0,0,0,0,0,0
ghana_marvin_senaya,Strasbourg,Ligue 1,https://cdn.sofifa.net/meta/team/686/30.png,70,72,44,57,67,66,66,0,0,0,0,0,0
